"","x"
"[1,1]",0
"[2,1]",0.00148253937398416
"[3,1]",0
"[4,1]",0
"[5,1]",0
"[6,1]",0.00430809652545572
"[7,1]",0
"[8,1]",0.00180129364354512
"[9,1]",0.000831554889520526
"[10,1]",0
"[11,1]",0
"[12,1]",0.00320004012076037
"[13,1]",0
"[14,1]",0
"[15,1]",0.000619815170806447
"[16,1]",0
"[17,1]",0.0506528934084847
"[18,1]",0
"[19,1]",0.000421703385313082
"[20,1]",0.0010114443198665
"[21,1]",0
"[22,1]",0.780185758166135
"[23,1]",0.00186800069110537
"[24,1]",0
"[25,1]",0.00184109032673937
"[26,1]",0.00277925528249268
"[27,1]",0.00354549036075873
"[28,1]",0
"[29,1]",0.00201850090475502
"[30,1]",0
"[31,1]",0
"[32,1]",0
"[33,1]",0.0026420276761184
"[34,1]",0
"[35,1]",0
"[36,1]",0
"[37,1]",0
"[38,1]",0.00171681627447154
"[40,1]",0.0013683923831808
"[41,1]",0.00346949930332113
"[42,1]",0.00132464065087443
"[43,1]",0.0005926306318369
"[44,1]",0
"[45,1]",0.00278652587977928
"[46,1]",0.00161427569634432
"[47,1]",0.00018315618900033
"[1,2]",0.019399247353346
"[3,2]",0
"[4,2]",0.289873422637303
"[5,2]",0
"[6,2]",0.0375645218128187
"[7,2]",0
"[8,2]",0.246211251149938
"[9,2]",0
"[10,2]",0.176204468172668
"[11,2]",0
"[12,2]",0.0470713080532234
"[13,2]",0
"[14,2]",0.179915950329594
"[15,2]",0
"[16,2]",0
"[17,2]",1.39611703515706
"[18,2]",0.0409811404747228
"[19,2]",0.335199816623826
"[20,2]",0.104636925190964
"[21,2]",0.209040912499659
"[22,2]",8.35786923158644
"[23,2]",0
"[24,2]",0.399063998013212
"[25,2]",0.0221114824156081
"[26,2]",0.18712119512057
"[27,2]",0
"[28,2]",0.152874392247924
"[29,2]",0
"[30,2]",0
"[31,2]",0.204885980877971
"[32,2]",0
"[33,2]",0.184855723743036
"[34,2]",0.295802519161073
"[35,2]",0.0515810010648057
"[36,2]",0.290425128620508
"[37,2]",0.114284767362334
"[38,2]",0
"[40,2]",0.0513269310239856
"[41,2]",0.223187482883008
"[42,2]",0
"[43,2]",0
"[44,2]",0
"[45,2]",0
"[46,2]",0.042079350065858
"[47,2]",0.0411772159074248
"[1,3]",0
"[3,3]",0.000134501459016381
"[4,3]",0.000432549445307272
"[5,3]",7.12551513786254e-05
"[6,3]",0.00112472107616609
"[7,3]",0
"[8,3]",0
"[9,3]",1.4674405509596
"[10,3]",0.00098833789612221
"[11,3]",0
"[12,3]",0.0626019775609687
"[13,3]",0.0167025433599018
"[14,3]",0.000572192985702052
"[15,3]",0.444713260756979
"[16,3]",0.000778270125962788
"[17,3]",8.31271128871197
"[18,3]",0.000438785468289218
"[19,3]",0.00991632837571886
"[20,3]",0
"[21,3]",0.000735931442487245
"[22,3]",23.6981998046711
"[23,3]",0
"[24,3]",0.00148108318615391
"[25,3]",9.72827677068071e-05
"[26,3]",0.000130359826501973
"[27,3]",0
"[28,3]",0
"[29,3]",0.000324654190236527
"[30,3]",0.0969145226917484
"[31,3]",0.000142145286514959
"[32,3]",0
"[33,3]",0
"[34,3]",0
"[35,3]",0
"[36,3]",0.000177423381518291
"[37,3]",0.000261450230601707
"[38,3]",0.000687190158018484
"[40,3]",0.000564118933215422
"[41,3]",0
"[42,3]",0.000558292403083711
"[43,3]",0.000974184803967123
"[44,3]",0
"[45,3]",0.000860613716556706
"[46,3]",0.000422304037165088
"[47,3]",0.00056637865382759
"[3,4]",0.0831127930204403
"[4,4]",0.00776643782295389
"[5,4]",0
"[6,4]",0.131736306785792
"[7,4]",0
"[8,4]",0.0403954571271946
"[9,4]",5.7391323447831
"[10,4]",0.203958851920485
"[11,4]",0.224429275889455
"[12,4]",0.542663663205444
"[13,4]",0
"[14,4]",0
"[15,4]",1.78164881282969
"[16,4]",0.288748500260571
"[17,4]",24.2014175264922
"[18,4]",0
"[19,4]",0.106708021378633
"[20,4]",0.212712089265825
"[21,4]",0.111058772604375
"[22,4]",47.0152098355072
"[23,4]",0.496195569032779
"[24,4]",0
"[25,4]",0
"[26,4]",0
"[27,4]",0.0325292387354127
"[28,4]",0.121516506791011
"[29,4]",0.0659664023449539
"[30,4]",0.561426106233237
"[31,4]",0
"[32,4]",0.0857723709419583
"[33,4]",0.0108376397674064
"[34,4]",0.18846589257993
"[35,4]",0
"[36,4]",0.102527418102218
"[37,4]",9.13055007027482e-05
"[38,4]",0.0742199450671125
"[40,4]",0.00250924171346453
"[41,4]",0.0852327752826251
"[42,4]",0.24614446292331
"[43,4]",0
"[44,4]",0
"[45,4]",0
"[46,4]",0
"[47,4]",0.183534215465986
"[3,5]",0
"[4,5]",0
"[5,5]",0.242140215645084
"[6,5]",0.246063069164757
"[7,5]",0
"[8,5]",0
"[9,5]",14.6240553572932
"[10,5]",0
"[11,5]",0
"[12,5]",1.92434450892936
"[13,5]",0.465893766972933
"[14,5]",0.101300298293557
"[15,5]",4.89284849768562
"[16,5]",0
"[17,5]",50.4688307319685
"[18,5]",0.459835714234372
"[19,5]",0.496131941827752
"[20,5]",0
"[21,5]",0.159681016568483
"[22,5]",77.6061556174582
"[23,5]",0.242324292343616
"[24,5]",0.166467340704562
"[25,5]",0
"[26,5]",0
"[27,5]",0.438691230580449
"[28,5]",0.23206985256676
"[29,5]",0
"[30,5]",1.44234816958837
"[31,5]",0.0520510181379324
"[32,5]",0.244435597187108
"[33,5]",0.0740004022721348
"[34,5]",0
"[35,5]",0.481907528588586
"[36,5]",0
"[37,5]",0.251858413394755
"[38,5]",0
"[40,5]",0.373351304446875
"[41,5]",0
"[42,5]",0.0597642081463354
"[43,5]",0.246290978969855
"[44,5]",0.065563739630096
"[45,5]",0.0719845297999912
"[46,5]",0.0834950843560676
"[47,5]",0.333813864295105
"[3,6]",0
"[4,6]",0
"[5,6]",0.226286763986766
"[6,6]",0
"[7,6]",0
"[8,6]",0.0163579988029153
"[9,6]",29.9978522652631
"[10,6]",0.125168632904222
"[11,6]",0.0803200783449155
"[12,6]",5.11136716462687
"[13,6]",2.65402233937352
"[14,6]",0
"[15,6]",11.053624072459
"[16,6]",0.284669725894436
"[17,6]",85.4539081294284
"[18,6]",0
"[19,6]",1.60391248192217
"[20,6]",0
"[21,6]",0.0931891674852913
"[22,6]",109.23016800724
"[23,6]",0
"[24,6]",0
"[25,6]",0.0991258793106786
"[26,6]",0
"[27,6]",0
"[28,6]",0
"[29,6]",0.295586537249339
"[30,6]",3.19449062299052
"[31,6]",0.0918658366702373
"[32,6]",0.300025949052645
"[33,6]",0.169800583238125
"[34,6]",0.168244897098227
"[35,6]",0.158969521273575
"[36,6]",0.0410627094309065
"[37,6]",0
"[40,6]",0
"[41,6]",0.0867309726886509
"[42,6]",0.337547678294224
"[43,6]",0
"[44,6]",0
"[45,6]",0.0201879520515752
"[46,6]",0.124417207162707
"[47,6]",0.0198768382235375
"[3,7]",0
"[4,7]",0.828230730914244
"[5,7]",0.697595172718803
"[6,7]",0.663383546007367
"[7,7]",0
"[8,7]",1.49592288081838
"[9,7]",51.5558894516129
"[10,7]",0.428087912231053
"[11,7]",2.13037564263287
"[12,7]",13.1514948611861
"[13,7]",7.25925453356566
"[14,7]",0.026537259150309
"[15,7]",21.0441112207648
"[16,7]",0
"[18,7]",1.23884295722827
"[19,7]",1.08383882009103
"[20,7]",1.54420159951622
"[21,7]",0.107260868366407
"[22,7]",146.091657228019
"[23,7]",0
"[25,7]",0
"[26,7]",0
"[27,7]",0.971732236014944
"[28,7]",0.60999614970932
"[29,7]",1.40215566115972
"[30,7]",6.33081376756524
"[31,7]",0.462043407705867
"[32,7]",0
"[33,7]",0
"[34,7]",0.412416264095687
"[35,7]",0.994967333880928
"[36,7]",1.93709163562116
"[37,7]",0
"[44,7]",0
"[45,7]",1.03978593419813
"[46,7]",0
"[47,7]",0
"[3,8]",0.0486708137454116
"[4,8]",0
"[5,8]",0
"[6,8]",1.55736369838323
"[8,8]",0
"[10,8]",0
"[11,8]",0
"[12,8]",21.0321707843225
"[13,8]",18.2168741446908
"[14,8]",0
"[16,8]",0
"[19,8]",7.57378858765685
"[20,8]",0
"[21,8]",1.96110110719128
"[22,8]",178.888931960982
"[23,8]",1.80247964272469
"[26,8]",0.219704903839205
"[27,8]",0.377733520644069
"[28,8]",1.69482747951117
"[29,8]",0.445123554456676
"[30,8]",13.3363177987903
"[31,8]",0.153702473289358
"[32,8]",0
"[33,8]",0
"[34,8]",0.773283321479337
"[35,8]",0
"[36,8]",1.10922512192387
"[44,8]",1.22438934465023
"[45,8]",0
"[46,8]",0
"[47,8]",1.65562114409956
"[3,9]",1.31750402847612
"[4,9]",0
"[5,9]",0
"[6,9]",0.837542275743062
"[10,9]",1.33390203693111
"[11,9]",1.08878862012421
"[13,9]",28.7598677100027
"[16,9]",1.72866216849333
"[20,9]",0.752742599244125
"[21,9]",0.580433170883526
"[26,9]",3.20503636733829
"[27,9]",0
"[28,9]",0.394694086997458
"[30,9]",15.1408732300402
"[33,9]",0.438350955185573
"[34,9]",0.290760852670652
"[35,9]",1.12951831239012
"[36,9]",2.88976088173916
"[44,9]",0
"[45,9]",0
"[46,9]",1.22148411992325
"[47,9]",2.48688515399094
"[3,10]",0
"[4,10]",2.87017854913173
"[5,10]",0
"[6,10]",5.06010766892753
"[11,10]",0
"[13,10]",42.3724028598351
"[16,10]",0
"[20,10]",5.41038578702
"[21,10]",0
"[26,10]",0
"[27,10]",0.693384299886374
"[28,10]",0
"[30,10]",19.6018429755475
"[34,10]",0
"[35,10]",0
"[44,10]",4.97518313628323
"[45,10]",1.02096760848605
"[46,10]",0
"[47,10]",0
"[4,11]",0
"[5,11]",0
"[6,11]",0
"[13,11]",68.4323165676578
"[16,11]",0
"[26,11]",0
"[27,11]",0
"[33,11]",2.38752157651779
"[35,11]",0.292224427902025
"[44,11]",0
"[45,11]",2.95860134650757
"[47,11]",0
"[4,12]",0.466519172200128
"[5,12]",3.24675099769305
"[6,12]",0
"[13,12]",100.890817035256
"[27,12]",0
"[34,12]",0
"[35,12]",3.46045217109633
"[45,12]",0
"[4,13]",0
"[5,13]",5.70831286634709
"[6,13]",0
"[13,13]",135.224935414795
"[34,13]",8.15435777076673
"[35,13]",0
"[5,14]",0
"[6,14]",3.56988529050948
"[29,14]",5.47297141317519
"[33,14]",0.436389963891477
"[34,14]",0
"[42,14]",5.97010676602655
"[5,15]",0
"[26,15]",5.58530130987914
"[33,15]",1.65183490835586
"[34,15]",4.14213193350855
"[42,15]",0
"[5,16]",0
"[33,16]",0
"[34,16]",0
"[42,16]",0
"[5,17]",0
"[5,18]",0.62561466095877
"[33,18]",0
"[5,19]",2.8814581804468
"[38,22]",0.400131925491963
"[38,23]",1.71104504997425
"[29,24]",11.2773890029302
"[29,25]",13.5556008707796
"[16,26]",0
"[29,26]",22.2590424831297
"[16,27]",3.19336635961772
"[29,27]",27.2090245259777
"[16,28]",0
"[29,28]",30.6564795964613
"[37,28]",0
"[16,29]",0
"[29,29]",52.5245157179017
"[37,29]",2.39033123061658
"[16,30]",0
"[29,30]",65.0811447803829
"[37,30]",1.56379942237485
"[46,30]",42.8280407149037
"[29,31]",83.4738679139283
"[37,31]",3.16384724532241
"[46,31]",64.0686839412634
"[47,31]",58.9744067747139
"[2,32]",341.238908566123
"[29,32]",103.085837796742
"[37,32]",0
"[46,32]",84.1621012256812
"[47,32]",83.1160584845148
"[46,33]",110.007856190275
"[47,33]",114.16104069806
"[46,34]",144.153186063494
"[47,34]",155.252304962453
"[17,35]",989.149493488842
"[46,35]",182.898849784061
"[47,35]",202.938573535089
"[17,36]",991.766023648674
"[46,36]",230.167859150182
"[47,36]",263.599643474485
"[17,37]",983.76206156065
"[46,37]",277.407828073226
"[47,37]",323.894883230818
"[17,38]",982.154366927732
"[46,38]",337.925415037097
"[47,38]",402.269370144651
"[17,39]",980.520255305508
"[47,39]",488.740882816993
"[17,40]",969.487999422311
"[39,40]",405.626148085365
"[47,40]",579.149543620455
"[32,52]",599.071006354458
"[4,53]",55.9426680042759
"[4,54]",85.3661292522841
"[4,55]",145.494320345459
"[4,56]",229.695753967897
"[45,56]",1479.5968151678
"[5,59]",1073.68007235765
"[34,59]",1059.58163733085
"[5,60]",1232.5971983934
"[41,63]",30.5095863016162
"[41,64]",134.701871676791
"[43,75]",92.5139567101032
"[43,76]",55.3776462597047
"[46,79]",1799.88425505622
"[33,80]",0
"[46,80]",1737.87666476512
"[46,81]",1681.89851860132
"[28,82]",805.946652818532
"[28,83]",716.912335184196
"[47,83]",391.08874000781
"[47,84]",356.734468024628
"[1,92]",25.7949562422517
"[1,93]",16.6123639023789
"[1,94]",12.0317747315479
"[34,95]",44.1951542300637
"[34,96]",42.6275725383493
"[34,97]",37.5832643571081
"[47,100]",66.0383684398686
"[47,101]",57.9359502220389
"[36,103]",141.655051348514
"[6,104]",411.684421748307
"[36,104]",125.433432764453
"[42,104]",76.6339141902308
"[47,104]",40.2295407739776
"[6,105]",393.861429307992
"[36,105]",112.904246189167
"[38,105]",0
"[42,105]",68.5674668729363
"[47,105]",40.5770368354
"[6,106]",365.107171570256
"[36,106]",106.046061439873
"[38,106]",1.13025303031328
"[40,106]",300.08768961369
"[42,106]",61.2689548790463
"[43,106]",0
"[44,106]",1.65692469884895
"[45,106]",37.7686070690996
"[47,106]",35.3281220143028
"[6,107]",348.864963305401
"[22,107]",328.208550097447
"[28,107]",16.7508134681655
"[36,107]",93.378093342381
"[38,107]",1.21264783377703
"[39,107]",0
"[40,107]",285.809314851952
"[41,107]",2.45292510773027
"[42,107]",57.0472655085943
"[43,107]",1.19027616369592
"[44,107]",0
"[45,107]",29.9679181028893
"[47,107]",26.8551591743111
"[6,108]",325.29281906302
"[22,108]",322.278944909465
"[28,108]",11.4678716245259
"[34,108]",7.95028045418803
"[36,108]",82.195659376444
"[38,108]",1.62052910217176
"[39,108]",6.87147419250011
"[40,108]",267.416136265277
"[41,108]",0
"[42,108]",52.0812662700312
"[43,108]",0.966382935551712
"[44,108]",0
"[45,108]",24.7668695263602
"[47,108]",25.1026537586702
"[2,109]",0
"[6,109]",300.507576412995
"[20,109]",0
"[21,109]",20.2666359422681
"[22,109]",318.730085412104
"[27,109]",193.436657984681
"[28,109]",17.4263674297554
"[34,109]",6.40284729201313
"[36,109]",77.2691196101639
"[38,109]",0
"[39,109]",0
"[40,109]",250.332206926414
"[41,109]",0
"[42,109]",52.1680400771135
"[43,109]",1.85345695155684
"[44,109]",3.31430814243971
"[45,109]",24.177200169346
"[46,109]",392.79331791459
"[47,109]",24.1908596752441
"[2,110]",3.66157491677484
"[6,110]",286.691093732212
"[20,110]",0
"[21,110]",13.3716316251901
"[22,110]",309.564545256519
"[25,110]",151.93891314319
"[26,110]",0
"[27,110]",183.57314755218
"[28,110]",7.05165398445764
"[29,110]",386.377792303111
"[30,110]",567.560745125757
"[32,110]",427.033833742393
"[33,110]",1.39438575721182
"[34,110]",5.49703486492003
"[36,110]",66.4184168999204
"[37,110]",0
"[38,110]",0
"[39,110]",0.324877847627084
"[40,110]",235.385570497582
"[41,110]",2.38216055787421
"[42,110]",42.3087857645934
"[43,110]",0
"[44,110]",1.91939737281772
"[45,110]",23.3064296093108
"[46,110]",371.17036351887
"[47,110]",17.0159451200116
"[2,111]",0.760084145661298
"[4,111]",0.978045355904397
"[6,111]",269.324663521183
"[20,111]",3.5594040307545
"[21,111]",11.5169528901742
"[22,111]",308.409571170303
"[23,111]",5.56879272894941
"[24,111]",208.057078821553
"[25,111]",138.995995504764
"[26,111]",0
"[27,111]",171.538947565773
"[28,111]",7.91273797683106
"[29,111]",365.406269283098
"[30,111]",561.456627315512
"[31,111]",910.040733394096
"[32,111]",397.826714705079
"[33,111]",2.03230011868062
"[34,111]",2.14522915849872
"[36,111]",58.5965398706047
"[37,111]",0
"[38,111]",0
"[39,111]",3.76168859632406
"[40,111]",229.348324689179
"[41,111]",0
"[42,111]",37.948601801048
"[43,111]",3.41192307644496
"[44,111]",1.3784441309074
"[45,111]",15.0979301722423
"[46,111]",351.41102258584
"[47,111]",18.6473488203587
"[2,112]",0
"[4,112]",0
"[6,112]",256.75730477901
"[9,112]",665.797427577918
"[20,112]",0
"[21,112]",11.5270383326536
"[22,112]",314.474984746859
"[23,112]",4.91130399475321
"[24,112]",199.892700232584
"[25,112]",132.571126961832
"[26,112]",5.88603919276657
"[27,112]",154.469388666371
"[28,112]",8.45640692775045
"[29,112]",352.832157346877
"[30,112]",561.854900304635
"[31,112]",893.356147648034
"[32,112]",379.312909365155
"[33,112]",2.09375757784708
"[34,112]",5.44138727709144
"[35,112]",0
"[36,112]",56.4050433642176
"[37,112]",0.594444572995784
"[38,112]",1.53183767595759
"[39,112]",0.480804390128844
"[40,112]",213.323040746441
"[41,112]",0.292830721786787
"[42,112]",34.5532242019825
"[43,112]",0
"[44,112]",0
"[45,112]",19.6806731140954
"[46,112]",331.714571586701
"[47,112]",17.6487327162734
"[2,113]",0
"[4,113]",0
"[9,113]",650.658223556311
"[19,113]",130.470584963217
"[20,113]",0.225763790843967
"[21,113]",10.8168339955823
"[22,113]",304.436797641368
"[23,113]",7.96137924036682
"[24,113]",203.926176160132
"[25,113]",126.144194609548
"[26,113]",0
"[27,113]",149.046112747131
"[28,113]",7.32290591559637
"[29,113]",335.717945001325
"[30,113]",552.930614509778
"[31,113]",880.162953887294
"[32,113]",356.943626147649
"[33,113]",0
"[34,113]",5.12690954921862
"[35,113]",5.52378834805953
"[36,113]",43.0910886168543
"[37,113]",1.5826262565407
"[38,113]",0.1296019820763
"[39,113]",1.0934744590046
"[40,113]",197.058952364206
"[41,113]",3.63784153434482
"[42,113]",27.5854754923402
"[43,113]",0.538892512724267
"[44,113]",0
"[45,113]",13.4731595668112
"[46,113]",306.599973610869
"[47,113]",13.236335777216
"[2,114]",0
"[4,114]",1.44139997425775
"[7,114]",4.70806504522588
"[9,114]",642.801489233929
"[19,114]",117.823664802649
"[20,114]",1.36724343105994
"[21,114]",5.48776065785124
"[22,114]",303.817919034664
"[23,114]",6.39588482538246
"[24,114]",200.826928236092
"[25,114]",123.63271570477
"[26,114]",3.27862536428987
"[27,114]",148.249229581749
"[28,114]",2.8239401660745
"[29,114]",314.098648259951
"[30,114]",556.973850534309
"[31,114]",860.026082903999
"[32,114]",335.717260403717
"[33,114]",0.138928934378395
"[34,114]",2.87710080426928
"[35,114]",0.283771367987286
"[36,114]",34.7952143061407
"[37,114]",0.299410801112335
"[38,114]",1.97744658245563
"[39,114]",0
"[40,114]",184.351000211956
"[41,114]",0.235730681414247
"[42,114]",24.1922171432142
"[43,114]",0
"[44,114]",1.1490283577989
"[45,114]",11.2109297837522
"[46,114]",287.260089130645
"[47,114]",2.54378236545277
"[2,115]",4.80564549544455
"[4,115]",0
"[7,115]",0.743088012281685
"[9,115]",630.508918772103
"[19,115]",115.789726001178
"[20,115]",1.24561272970113
"[21,115]",7.81811596633669
"[22,115]",295.033697092367
"[23,115]",4.69930723247974
"[24,115]",196.538261005835
"[25,115]",115.385728581912
"[26,115]",0.27923294968603
"[27,115]",135.982970804528
"[28,115]",0
"[29,115]",304.829936141145
"[30,115]",548.266238287213
"[31,115]",843.956481490827
"[32,115]",320.455573576224
"[33,115]",4.18432564897281
"[34,115]",5.50996553393511
"[35,115]",2.51253161925278
"[36,115]",35.8015491005462
"[37,115]",2.19176163344125
"[38,115]",0
"[39,115]",4.29548746529674
"[40,115]",182.945978208537
"[41,115]",0.800674347982637
"[42,115]",25.242167651828
"[43,115]",0
"[44,115]",0
"[45,115]",10.9386256326777
"[46,115]",270.817205681423
"[47,115]",9.70932985110809
"[2,116]",2.36797110242743
"[4,116]",0.076645953743917
"[5,116]",75.2868611698697
"[6,116]",191.472292378097
"[7,116]",0
"[9,116]",626.668376526035
"[19,116]",119.586081216331
"[20,116]",0.481246049846007
"[21,116]",7.78162860430774
"[22,116]",295.465229922311
"[23,116]",5.3752017948627
"[24,116]",195.542224336322
"[25,116]",105.957039000751
"[26,116]",0
"[27,116]",130.876973701151
"[28,116]",5.39314353692787
"[29,116]",289.468911872223
"[30,116]",545.095301109986
"[31,116]",827.030801218438
"[32,116]",306.551140887044
"[33,116]",0
"[34,116]",3.20757218321144
"[35,116]",0
"[36,116]",30.9792446382428
"[37,116]",0.937898518031567
"[38,116]",0.986906639228627
"[39,116]",0
"[40,116]",165.522581511158
"[41,116]",0
"[42,116]",15.2451906833117
"[43,116]",0
"[44,116]",0.189037649667101
"[45,116]",7.49055145723424
"[46,116]",251.39168281194
"[47,116]",9.89748527450268
"[2,117]",0
"[4,117]",2.82733592873217
"[6,117]",182.050855864756
"[7,117]",0
"[9,117]",613.368359635225
"[19,117]",112.958577747189
"[20,117]",0
"[21,117]",9.31794426337271
"[22,117]",294.754741382701
"[23,117]",10.5000701687124
"[24,117]",196.343008257007
"[25,117]",100.284716020074
"[26,117]",0
"[27,117]",123.862164814745
"[28,117]",3.88831229028077
"[29,117]",272.365698889776
"[30,117]",540.597327908473
"[31,117]",809.808602656847
"[32,117]",284.862847290099
"[33,117]",1.27820192220756
"[34,117]",3.91555998360677
"[35,117]",0
"[36,117]",29.7511950305799
"[37,117]",0
"[38,117]",0
"[39,117]",0
"[40,117]",155.921933830658
"[41,117]",0
"[42,117]",19.3773027665735
"[43,117]",0
"[44,117]",1.15571894422415
"[45,117]",4.25023892159455
"[46,117]",233.939547551333
"[47,117]",9.94639126478674
"[2,118]",0
"[3,118]",45.6975784479145
"[6,118]",168.772476466628
"[7,118]",0.841899255302017
"[9,118]",606.940411511194
"[20,118]",1.64844743704316
"[21,118]",5.07019653325144
"[22,118]",288.191487478259
"[23,118]",7.70481662101892
"[24,118]",186.205202598948
"[25,118]",95.1252678915842
"[26,118]",0.13525435786369
"[27,118]",117.050767593939
"[28,118]",5.81140377931047
"[29,118]",257.118821535287
"[30,118]",533.798819415944
"[31,118]",794.306010930498
"[32,118]",266.10935175991
"[33,118]",2.2243747753855
"[34,118]",0
"[35,118]",1.55595701818806
"[36,118]",29.0889111984537
"[37,118]",4.67744706334034
"[38,118]",0.288658220933691
"[39,118]",0
"[40,118]",146.091250900472
"[41,118]",0.68903653118378
"[42,118]",18.3499815964672
"[43,118]",0
"[44,118]",0.739552180447053
"[45,118]",8.77521150946715
"[46,118]",217.403260197758
"[47,118]",5.29499352659699
"[2,119]",0
"[6,119]",149.090962416688
"[7,119]",0
"[9,119]",601.056604928702
"[20,119]",0
"[21,119]",4.07342699777803
"[22,119]",288.733433319762
"[23,119]",6.80422147677251
"[24,119]",187.212912110191
"[25,119]",82.1058432426972
"[26,119]",0
"[27,119]",108.080798487195
"[28,119]",0.863541976648488
"[29,119]",243.2652267701
"[30,119]",533.007950165932
"[31,119]",774.998640527273
"[32,119]",254.189290153601
"[33,119]",0
"[34,119]",2.88818436211094
"[35,119]",0
"[36,119]",22.3348463038642
"[37,119]",2.08548500529457
"[38,119]",2.46254951870853
"[39,119]",4.60446136008266
"[40,119]",134.548042534701
"[41,119]",0
"[42,119]",9.67262307928524
"[43,119]",0
"[44,119]",0
"[45,119]",9.10508418015651
"[46,119]",210.395523151718
"[47,119]",13.582373084788
"[2,120]",0
"[6,120]",144.736331793818
"[7,120]",0
"[9,120]",591.140932905571
"[20,120]",0
"[21,120]",0
"[22,120]",283.58394879041
"[23,120]",5.43187761157233
"[24,120]",180.214644164697
"[25,120]",79.8403611480968
"[26,120]",1.83977227359869
"[27,120]",102.652965190941
"[28,120]",1.00322757081767
"[29,120]",228.119882219056
"[30,120]",527.718691383792
"[31,120]",760.737592705341
"[32,120]",237.23290516035
"[33,120]",3.88410715415732
"[34,120]",4.06721054474639
"[35,120]",0
"[36,120]",21.12147898942
"[37,120]",1.26380879152872
"[38,120]",0
"[39,120]",3.0223508952323
"[40,120]",124.988025721712
"[41,120]",1.9200528289365
"[42,120]",14.9728239575951
"[43,120]",0
"[44,120]",1.65382461848957
"[45,120]",1.43456113301087
"[46,120]",196.024654362308
"[47,120]",3.47037210016708
"[2,121]",0
"[6,121]",130.32792162824
"[7,121]",2.00755307396001
"[9,121]",586.305202408946
"[20,121]",0
"[21,121]",5.13100868566449
"[22,121]",281.23785226044
"[23,121]",2.50060985799921
"[24,121]",178.734317892781
"[25,121]",72.9187787605278
"[26,121]",2.66602713689979
"[27,121]",98.1253126629345
"[28,121]",0
"[29,121]",225.733475022386
"[30,121]",521.897956633977
"[31,121]",747.956829541578
"[32,121]",222.087649604552
"[33,121]",0
"[34,121]",2.8934902206954
"[35,121]",0
"[36,121]",13.8112371765137
"[37,121]",0
"[38,121]",3.08835335561088
"[39,121]",1.8510138474826
"[40,121]",121.130241893779
"[41,121]",0
"[42,121]",13.4614565384645
"[43,121]",0
"[44,121]",1.63091129573887
"[45,121]",9.0628004715888
"[46,121]",183.232265189007
"[47,121]",7.57680307062198
"[2,122]",0
"[7,122]",1.56120334917026
"[9,122]",572.918465217271
"[19,122]",96.9198031776794
"[20,122]",3.79237648413691
"[21,122]",0
"[22,122]",279.989565788281
"[23,122]",10.414363922955
"[24,122]",174.47240674202
"[25,122]",77.2876970772996
"[26,122]",0
"[27,122]",94.288453471315
"[28,122]",0.834421010768506
"[29,122]",213.751254230888
"[30,122]",514.043091941173
"[31,122]",730.675397760282
"[32,122]",211.122263696099
"[33,122]",3.14174802129462
"[34,122]",0.14830305436918
"[35,122]",0
"[36,122]",17.2957423197433
"[37,122]",1.48642208611692
"[38,122]",0
"[39,122]",0
"[40,122]",108.816062969968
"[41,122]",0
"[42,122]",11.8087332452014
"[43,122]",0.401785384604302
"[44,122]",0.320990901320676
"[45,122]",3.43639866885782
"[46,122]",167.460586529725
"[47,122]",8.50531964810987
"[2,123]",0
"[7,123]",0
"[9,123]",564.317160374116
"[19,123]",94.9249089620589
"[20,123]",0
"[21,123]",1.73646095476398
"[22,123]",272.905998259964
"[23,123]",4.26572148212468
"[24,123]",171.667345262835
"[25,123]",70.9601342247011
"[26,123]",1.27914040205593
"[27,123]",90.9381082269547
"[28,123]",3.73022770343122
"[29,123]",200.121361399752
"[30,123]",517.049982770799
"[31,123]",715.209068661269
"[32,123]",199.165958985867
"[33,123]",0
"[34,123]",0.701466041249757
"[35,123]",0
"[36,123]",20.3242902982697
"[37,123]",0
"[38,123]",0
"[39,123]",0
"[40,123]",107.547262529331
"[41,123]",2.95460234888308
"[42,123]",8.0149639749693
"[43,123]",0.888755913217337
"[44,123]",3.9729651971895
"[45,123]",3.03648546127333
"[46,123]",153.938134002306
"[47,123]",1.78907497207843
"[2,124]",0
"[3,124]",24.3433971335122
"[7,124]",0
"[9,124]",554.357459672935
"[15,124]",397.608090750619
"[17,124]",261.941963790168
"[19,124]",90.1464841908672
"[20,124]",1.93909085531663
"[21,124]",0
"[22,124]",274.674048682783
"[23,124]",3.39269062471713
"[24,124]",174.712617106248
"[25,124]",68.7953714701013
"[26,124]",3.00172371541421
"[27,124]",86.4708477398782
"[28,124]",0
"[29,124]",192.915424841494
"[30,124]",513.456552076705
"[31,124]",704.249699098996
"[32,124]",184.773600081188
"[33,124]",0
"[34,124]",5.22244722294515
"[35,124]",0
"[36,124]",12.1265452097766
"[37,124]",0
"[38,124]",0
"[39,124]",1.16464088823104
"[40,124]",95.0332707494878
"[41,124]",3.14043855974973
"[42,124]",5.69416608866535
"[43,124]",0
"[44,124]",0
"[45,124]",0
"[46,124]",148.678306282475
"[47,124]",3.38174201345102
"[1,125]",0
"[2,125]",0
"[6,125]",108.221412088392
"[7,125]",1.6399078830372
"[9,125]",548.252502112501
"[17,125]",258.279980924901
"[19,125]",89.0369991600377
"[20,125]",0
"[21,125]",0
"[22,125]",267.768437805121
"[23,125]",0
"[24,125]",165.976869806233
"[25,125]",63.9883050726764
"[26,125]",2.83681722314802
"[27,125]",82.8739961863571
"[28,125]",0
"[29,125]",180.774435047657
"[30,125]",507.778925516186
"[31,125]",689.213860591867
"[32,125]",176.717257338729
"[33,125]",0
"[34,125]",0
"[35,125]",0
"[36,125]",20.1223857524891
"[37,125]",0
"[38,125]",0
"[39,125]",1.48053686532189
"[40,125]",90.8613269448327
"[41,125]",0
"[42,125]",4.60285596170217
"[43,125]",0
"[44,125]",3.94598577283919
"[45,125]",3.21647714772457
"[46,125]",136.324794679294
"[47,125]",3.0781476392259
"[2,126]",2.9517790582133
"[7,126]",2.85988394723333
"[9,126]",544.724836319512
"[17,126]",258.584066235694
"[19,126]",82.1821619739443
"[20,126]",1.36589749423153
"[21,126]",0
"[22,126]",266.468366436303
"[23,126]",4.79311379378477
"[24,126]",164.555744674861
"[25,126]",53.0486024022148
"[26,126]",2.55016652110464
"[27,126]",73.2592187485437
"[28,126]",1.71661574461541
"[29,126]",170.972780787841
"[30,126]",496.620712513916
"[31,126]",671.606339243437
"[32,126]",162.616418875908
"[33,126]",0.720293458808926
"[34,126]",0
"[35,126]",0.884149636650524
"[36,126]",9.64420800437655
"[37,126]",0.235992244765278
"[38,126]",3.11913092810862
"[39,126]",0
"[40,126]",95.0843665891039
"[41,126]",0.422507315920455
"[42,126]",4.09327129241555
"[43,126]",0
"[44,126]",0
"[45,126]",6.35296380221622
"[46,126]",128.733945459392
"[47,126]",0.0325766160607882
"[1,127]",0
"[2,127]",5.94640021700851
"[4,127]",0.538267847490624
"[5,127]",13.2876422134437
"[7,127]",4.57707399830384
"[9,127]",531.697318381935
"[17,127]",249.072306570154
"[19,127]",86.0071080238138
"[20,127]",2.05009854104015
"[21,127]",0
"[22,127]",260.262016117401
"[23,127]",1.42470677754875
"[24,127]",165.862146141879
"[25,127]",51.8849410160687
"[26,127]",0
"[27,127]",69.6649192592735
"[28,127]",0
"[29,127]",160.44863699515
"[30,127]",498.262366324958
"[31,127]",660.576363940381
"[32,127]",153.806788760221
"[33,127]",4.23995264112615
"[34,127]",0
"[35,127]",0.279743159429476
"[36,127]",4.98307258011121
"[37,127]",6.22020790713682
"[38,127]",0
"[39,127]",0
"[40,127]",81.7318270152796
"[41,127]",0
"[42,127]",5.63546108427922
"[43,127]",0
"[44,127]",0.577703931324432
"[45,127]",0.14011846153425
"[46,127]",119.747970794749
"[47,127]",2.35759229046998
"[2,128]",0
"[5,128]",12.4042422093264
"[6,128]",85.324972943679
"[7,128]",1.29036528417651
"[9,128]",526.25099243903
"[11,128]",26.0419679240071
"[12,128]",328.119611275898
"[17,128]",247.520849585282
"[18,128]",131.784072301709
"[19,128]",85.601810475057
"[20,128]",2.81770942139177
"[21,128]",0
"[22,128]",259.799542232017
"[23,128]",1.12521581210983
"[24,128]",159.860785615826
"[25,128]",48.5248063736674
"[26,128]",3.39899710518532
"[27,128]",66.8742167809563
"[28,128]",0.72472442087568
"[29,128]",150.871368499476
"[30,128]",495.324601698644
"[31,128]",647.973357056578
"[32,128]",144.560200110047
"[33,128]",0
"[34,128]",0.240021289725342
"[35,128]",0
"[36,128]",9.76713976051576
"[37,128]",2.6048652309094
"[38,128]",0
"[39,128]",0
"[40,128]",82.9102854434329
"[41,128]",0
"[42,128]",4.59461063490893
"[43,128]",0
"[44,128]",0
"[45,128]",0.475324614618153
"[46,128]",114.420508952123
"[47,128]",2.47200073897366
"[2,129]",0.756194192318666
"[4,129]",3.84687121693853
"[5,129]",8.77894120684202
"[6,129]",79.9319527863127
"[7,129]",2.49875549036687
"[9,129]",515.47316254022
"[17,129]",241.11767871946
"[18,129]",122.660386781105
"[19,129]",78.0249273747002
"[20,129]",0
"[21,129]",2.36548086000692
"[22,129]",257.986363487618
"[23,129]",0.631689456255314
"[24,129]",157.480967725706
"[25,129]",48.3536233498927
"[26,129]",4.54929427244706
"[27,129]",57.3120859154839
"[28,129]",0
"[29,129]",145.801136453699
"[30,129]",491.093790270289
"[31,129]",631.23982113039
"[32,129]",130.209180801949
"[33,129]",0
"[34,129]",0
"[35,129]",0
"[36,129]",5.11789775965648
"[37,129]",0
"[38,129]",0
"[39,129]",2.65932833510482
"[40,129]",68.8821429588828
"[41,129]",1.53650700445448
"[42,129]",8.19828962125702
"[43,129]",3.25763357568393
"[44,129]",0
"[45,129]",1.93532036253003
"[46,129]",104.289981879514
"[47,129]",2.95015982202312
"[1,130]",1.1255131779017
"[2,130]",0
"[4,130]",4.17569376789032
"[6,130]",73.3344928231668
"[7,130]",0
"[9,130]",512.57388068551
"[17,130]",240.439817830812
"[18,130]",115.966402156458
"[19,130]",79.667115884705
"[20,130]",0
"[21,130]",1.69304005560975
"[22,130]",255.428177594905
"[23,130]",6.5631856060824
"[24,130]",154.563521350106
"[25,130]",45.7532679885856
"[26,130]",0
"[27,130]",55.1452134187774
"[28,130]",0
"[29,130]",140.211058879091
"[30,130]",484.610119029971
"[31,130]",618.147000781955
"[32,130]",130.095812267343
"[33,130]",0
"[34,130]",1.68117994644972
"[35,130]",0
"[36,130]",10.5501599553949
"[37,130]",0
"[38,130]",0.0053597241535802
"[39,130]",0
"[40,130]",72.7403390038026
"[41,130]",1.68131423713076
"[42,130]",2.35184696037784
"[43,130]",0
"[44,130]",2.50585638176954
"[45,130]",1.98338621119403
"[46,130]",98.6065551722298
"[47,130]",5.26317018529008
"[1,131]",2.1540702888507
"[2,131]",0
"[4,131]",4.34297804693291
"[5,131]",8.52437111736253
"[6,131]",66.0688881107789
"[7,131]",1.57553781741018
"[9,131]",502.955027602213
"[17,131]",233.595162530819
"[18,131]",110.169478501477
"[19,131]",76.9817464138557
"[20,131]",0
"[21,131]",7.44079249674468
"[22,131]",257.453410121652
"[23,131]",0
"[24,131]",156.429193731327
"[25,131]",43.0021856630276
"[26,131]",0
"[27,131]",57.812213710153
"[28,131]",2.85809845326958
"[29,131]",128.517519826201
"[30,131]",484.1287212464
"[31,131]",601.815208702703
"[32,131]",117.334694747718
"[33,131]",0.167878354327626
"[34,131]",1.99521605821466
"[35,131]",0
"[36,131]",2.75890846425686
"[37,131]",2.33557104180951
"[38,131]",1.47543832454053
"[39,131]",0
"[40,131]",64.5570798788163
"[41,131]",2.33708904687718
"[42,131]",0
"[43,131]",2.61719712266602
"[44,131]",0
"[45,131]",0.595598691428212
"[46,131]",88.2297727410675
"[47,131]",0
"[1,132]",1.99652276862775
"[2,132]",0
"[4,132]",1.29497215794453
"[5,132]",6.9858229584516
"[6,132]",66.9973413668703
"[7,132]",3.14917569730386
"[9,132]",499.498235543543
"[13,132]",161.158768138564
"[17,132]",233.584534543287
"[18,132]",115.48746366224
"[19,132]",77.489239039926
"[20,132]",0
"[21,132]",0
"[22,132]",251.596752120081
"[23,132]",3.35923723195341
"[24,132]",146.490678052655
"[25,132]",36.4207002272541
"[26,132]",4.45766165582657
"[27,132]",56.4046266821075
"[28,132]",0
"[29,132]",119.530717614058
"[30,132]",472.535741840475
"[31,132]",591.459768087614
"[32,132]",114.545637660668
"[33,132]",0
"[34,132]",3.90893071322127
"[35,132]",0
"[36,132]",1.3289037462723
"[37,132]",0
"[38,132]",1.03729928997259
"[39,132]",1.8117134594839
"[40,132]",58.7032230769701
"[41,132]",0.155434954901145
"[42,132]",1.93262641792473
"[43,132]",1.16599046377886
"[44,132]",0
"[45,132]",7.47175293012155
"[46,132]",86.3845430132587
"[47,132]",0.0825770498082699
"[1,133]",0
"[2,133]",1.82928681719059
"[5,133]",3.95368268776117
"[6,133]",59.8820252374995
"[7,133]",0
"[9,133]",491.435056062446
"[10,133]",1.19919288159863
"[13,133]",157.128636836178
"[17,133]",230.096323452377
"[18,133]",109.253138781645
"[19,133]",70.6197637177646
"[20,133]",0
"[21,133]",4.52019018508074
"[22,133]",248.369097082599
"[23,133]",0.438108166591161
"[24,133]",146.919657565738
"[25,133]",40.8301310616183
"[26,133]",1.52689725978429
"[27,133]",46.011408883109
"[28,133]",0
"[29,133]",121.297222290266
"[30,133]",476.71749664589
"[31,133]",584.403056787502
"[32,133]",107.325148854105
"[33,133]",2.11800424924768
"[34,133]",4.16415392227641
"[35,133]",0
"[36,133]",2.43342076540499
"[37,133]",0.122660160030662
"[38,133]",2.60790509615664
"[39,133]",0.43942903349619
"[40,133]",54.2898909373867
"[41,133]",2.8457950179626
"[42,133]",3.94884257320968
"[43,133]",1.45055828319288
"[44,133]",0
"[45,133]",2.89024088790661
"[46,133]",79.8796031659198
"[47,133]",2.51388017933733
"[1,134]",0
"[2,134]",0.124412655317226
"[5,134]",5.30197888207906
"[6,134]",54.0900057776864
"[7,134]",0.296768413065788
"[8,134]",1.18851880852787
"[9,134]",481.518030470059
"[10,134]",0.962903076823179
"[11,134]",10.6217407147159
"[12,134]",286.478172656073
"[13,134]",150.543218606344
"[15,134]",351.15708113173
"[17,134]",225.522619316027
"[18,134]",105.08604762573
"[19,134]",70.0382532776536
"[20,134]",0.405466375941889
"[21,134]",1.15739868246998
"[22,134]",245.506484161243
"[23,134]",0.772880493412105
"[24,134]",144.71704093658
"[25,134]",34.4596119092881
"[26,134]",0
"[27,134]",45.8581662244892
"[28,134]",0
"[29,134]",110.777116410227
"[30,134]",466.690252942081
"[31,134]",567.424336324713
"[32,134]",96.8123664061089
"[33,134]",1.81284159788184
"[34,134]",0
"[35,134]",0.95961674216571
"[36,134]",3.19568631502918
"[37,134]",0.276703911767298
"[38,134]",0.174518231833638
"[39,134]",0
"[40,134]",53.5721904103272
"[41,134]",0
"[42,134]",3.17062512038699
"[43,134]",0.502541423328829
"[44,134]",0.443159361013947
"[45,134]",0.10817681228613
"[46,134]",73.4405334295266
"[47,134]",0.787660119845891
"[1,135]",0.355448617429275
"[2,135]",1.45589432628817
"[4,135]",0
"[5,135]",4.45641067924943
"[6,135]",49.8987176991632
"[7,135]",0.547336064626832
"[9,135]",466.913039348203
"[10,135]",2.19186851375827
"[15,135]",343.264011378071
"[16,135]",0.0892654617878092
"[17,135]",222.920987234983
"[18,135]",100.096651903922
"[19,135]",68.2885626033504
"[20,135]",0.0671580285453637
"[21,135]",0
"[22,135]",246.016769738983
"[23,135]",0
"[24,135]",141.327633394688
"[25,135]",37.032160957975
"[26,135]",0
"[27,135]",41.6426073119081
"[28,135]",0.898320833082159
"[29,135]",104.326535785397
"[30,135]",467.967916360131
"[31,135]",554.772135839179
"[32,135]",90.4978056343975
"[33,135]",0
"[34,135]",1.86622019316365
"[35,135]",1.2030596552458
"[36,135]",3.23012200909262
"[37,135]",4.47794280552543
"[38,135]",0
"[39,135]",0
"[40,135]",46.1870709553509
"[41,135]",0
"[42,135]",0
"[43,135]",0
"[44,135]",0
"[45,135]",2.64823026335199
"[46,135]",68.2329758712673
"[47,135]",0
"[1,136]",0
"[2,136]",0
"[3,136]",15.2339060525115
"[4,136]",0
"[5,136]",4.4903503176518
"[6,136]",49.4204073357544
"[7,136]",0
"[9,136]",473.58274239562
"[10,136]",1.11192187263308
"[12,136]",272.945964241237
"[13,136]",141.115190912173
"[16,136]",0
"[17,136]",219.179861032538
"[18,136]",101.212004522455
"[19,136]",63.0773643670511
"[20,136]",0
"[21,136]",0
"[22,136]",236.464567841228
"[23,136]",1.41496477758257
"[24,136]",140.385193808533
"[25,136]",32.6025384176113
"[26,136]",0
"[27,136]",43.7302065665281
"[28,136]",1.69860060071005
"[29,136]",99.8343365113303
"[30,136]",466.227805659871
"[31,136]",542.771275529779
"[32,136]",84.474729219178
"[33,136]",0
"[34,136]",0
"[35,136]",0
"[36,136]",3.14412578804299
"[37,136]",0.461541040158935
"[38,136]",2.52659118794196
"[39,136]",0.650711200870929
"[40,136]",46.1306190005313
"[41,136]",1.47829416946025
"[42,136]",0.336940593805218
"[43,136]",1.5477650607735
"[44,136]",3.2331652739522
"[45,136]",2.196153150188
"[46,136]",63.1066657097081
"[47,136]",3.74272315765658
"[1,137]",4.90584562272583
"[2,137]",0
"[3,137]",12.2855635736129
"[4,137]",1.58301205810568
"[5,137]",3.4597314194101
"[6,137]",49.6354255975552
"[7,137]",0.229163616881789
"[8,137]",0.477927499032376
"[9,137]",460.889705260096
"[10,137]",5.15722423316915
"[11,137]",11.0349137514351
"[12,137]",269.5572499729
"[13,137]",134.833208935926
"[16,137]",0
"[17,137]",216.501733495945
"[18,137]",93.0423671003886
"[19,137]",63.4068869462529
"[20,137]",1.21908558850001
"[21,137]",3.82241918794026
"[22,137]",234.046998583553
"[23,137]",1.264318631713
"[24,137]",142.818754831576
"[25,137]",27.219470466963
"[26,137]",0.366068378154234
"[27,137]",39.0990953119665
"[28,137]",3.10782083541659
"[29,137]",91.8438580353314
"[30,137]",452.885490883737
"[31,137]",528.778870627132
"[32,137]",76.2808089853095
"[33,137]",2.34735472287541
"[34,137]",0
"[35,137]",0
"[36,137]",4.04085834015572
"[37,137]",0
"[38,137]",0.218089270859701
"[39,137]",0
"[40,137]",43.8166527088166
"[41,137]",0
"[42,137]",4.14005966246629
"[43,137]",0
"[44,137]",0.00831342197072543
"[45,137]",0
"[46,137]",59.5690295856039
"[47,137]",0
"[1,138]",2.48251314367034
"[2,138]",0.383096986678936
"[3,138]",6.65314135923697
"[5,138]",2.9854235463427
"[6,138]",44.0007915562752
"[7,138]",0
"[9,138]",455.945306143476
"[10,138]",0
"[12,138]",263.544993769987
"[13,138]",135.655730734886
"[16,138]",0
"[17,138]",210.592925843066
"[18,138]",94.6674259136007
"[19,138]",59.7995352131009
"[20,138]",2.60462795592469
"[21,138]",2.36419637785762
"[22,138]",240.44190688268
"[23,138]",0
"[24,138]",135.811510072323
"[25,138]",26.3737326905978
"[26,138]",0
"[27,138]",38.2187810190984
"[28,138]",1.10854998635838
"[29,138]",90.9476354622525
"[30,138]",452.610420778801
"[31,138]",514.228041736017
"[32,138]",77.0608702466204
"[33,138]",1.88414895408496
"[34,138]",0
"[35,138]",0
"[36,138]",1.40454842984483
"[37,138]",0.741506487239945
"[38,138]",1.85441463565898
"[39,138]",0.984902714926483
"[40,138]",36.2961541283894
"[41,138]",0
"[42,138]",2.04982506551924
"[43,138]",3.1518574862649
"[44,138]",1.6528486561949
"[45,138]",3.31974042691729
"[46,138]",59.0942768751532
"[47,138]",1.7021021490379
"[1,139]",0
"[2,139]",0
"[3,139]",11.4868386985851
"[4,139]",0
"[5,139]",2.8216906822831
"[7,139]",0
"[9,139]",447.385663191804
"[10,139]",0
"[11,139]",6.28092987546941
"[12,139]",258.383352636778
"[15,139]",324.02263225934
"[16,139]",0
"[17,139]",206.28094165255
"[18,139]",89.7679437932278
"[19,139]",58.6645844588814
"[20,139]",0.65520628451531
"[21,139]",3.13765185480603
"[22,139]",235.773790722288
"[23,139]",0.49742183712563
"[24,139]",133.965435535338
"[25,139]",22.8338190323511
"[26,139]",0
"[27,139]",37.3972841305957
"[28,139]",0
"[29,139]",85.5530220523807
"[30,139]",448.368890487433
"[31,139]",505.495253134051
"[32,139]",67.6245225581734
"[33,139]",0
"[34,139]",5.28753976173539
"[35,139]",0
"[36,139]",0
"[37,139]",0.135946425885659
"[38,139]",0
"[39,139]",2.14169907362722
"[40,139]",41.4506554908335
"[41,139]",0
"[42,139]",0.671355059998386
"[43,139]",0.600654905054407
"[44,139]",0
"[45,139]",1.14563406933323
"[46,139]",49.3624697856747
"[47,139]",0.256141257951948
"[1,140]",0
"[2,140]",1.87114321476579
"[3,140]",7.75710266870543
"[5,140]",1.14686462061425
"[6,140]",36.3170848667009
"[7,140]",0.534947614109953
"[9,140]",443.254835358495
"[10,140]",1.38215872116502
"[11,140]",0.474368257282623
"[12,140]",250.824957923497
"[16,140]",2.52822072810076
"[17,140]",199.662427911006
"[18,140]",87.730174546666
"[19,140]",55.5564922689789
"[20,140]",0
"[21,140]",0
"[22,140]",227.336332406571
"[23,140]",1.22765297344326
"[24,140]",132.704417197465
"[25,140]",16.4225062041011
"[26,140]",0.476212344587212
"[27,140]",33.0908345477199
"[28,140]",0.286722149103708
"[29,140]",81.4089905663219
"[30,140]",439.99662185121
"[31,140]",493.737926661637
"[32,140]",64.615921002353
"[33,140]",1.03820549809132
"[34,140]",1.42177151434863
"[35,140]",0
"[36,140]",1.67442376897279
"[37,140]",0
"[38,140]",6.22353062336368
"[39,140]",0.0261043791290002
"[40,140]",33.2337335412958
"[41,140]",0
"[42,140]",2.21921114596403
"[43,140]",0
"[44,140]",0
"[45,140]",0
"[46,140]",44.2323620464677
"[47,140]",0
"[1,141]",3.53349270430255
"[2,141]",0
"[3,141]",7.22426737704297
"[5,141]",0
"[6,141]",35.5981112798058
"[7,141]",1.90807504536213
"[8,141]",0
"[9,141]",434.965499969672
"[10,141]",0.911930205709821
"[11,141]",4.90865084454886
"[16,141]",3.465376056838
"[17,141]",196.048322601041
"[18,141]",80.6755916868853
"[19,141]",56.7664554602154
"[20,141]",1.88595539661473
"[21,141]",0
"[22,141]",229.857685665643
"[23,141]",0.419089051282761
"[24,141]",133.380737999296
"[25,141]",23.6006045813245
"[26,141]",0
"[27,141]",26.9170962942356
"[28,141]",3.77342875100657
"[29,141]",72.7190974790894
"[30,141]",442.436930756454
"[31,141]",481.565920245921
"[32,141]",63.6947956546655
"[33,141]",2.9288308088631
"[34,141]",3.6249676798467
"[35,141]",0
"[36,141]",2.80509479003525
"[37,141]",0
"[38,141]",0
"[39,141]",0
"[40,141]",35.2006100129481
"[41,141]",1.07895108592617
"[42,141]",4.04403060044636
"[43,141]",0
"[44,141]",1.82553783973506
"[45,141]",0
"[46,141]",38.0267851579802
"[47,141]",0
"[1,142]",0.231989467896808
"[2,142]",0
"[5,142]",1.52771201321332
"[6,142]",30.9753381216498
"[7,142]",0.157896620054242
"[8,142]",0.216987254097441
"[9,142]",429.731675085533
"[10,142]",0
"[11,142]",3.5878871448885
"[12,142]",241.439078745237
"[13,142]",120.873688954369
"[15,142]",315.733432734684
"[16,142]",0
"[17,142]",197.996898484957
"[18,142]",82.1474703608859
"[19,142]",54.8895662667804
"[20,142]",0
"[21,142]",0.331572075768369
"[22,142]",227.249715836
"[23,142]",0.239191339399912
"[24,142]",125.109606382254
"[25,142]",20.4605877286317
"[26,142]",0
"[27,142]",28.8017227280253
"[28,142]",0.0154530930458057
"[29,142]",71.3704463695774
"[30,142]",434.490610760578
"[31,142]",474.006820479003
"[32,142]",56.8621276066891
"[33,142]",0
"[34,142]",0
"[35,142]",0.095406330562349
"[36,142]",0.916218009570152
"[37,142]",0
"[38,142]",0
"[39,142]",0
"[40,142]",31.5965904155432
"[41,142]",0.156800221136141
"[42,142]",0.908537321145464
"[43,142]",0.0291039473960405
"[44,142]",0.0747959111306352
"[45,142]",0.153453084921392
"[46,142]",41.3164748093567
"[47,142]",0.346477907951813
"[1,143]",1.40735824355127
"[2,143]",0
"[3,143]",6.48645600390442
"[5,143]",0.65260271678711
"[6,143]",27.3468317987302
"[7,143]",4.50326661047273
"[8,143]",0
"[9,143]",425.958194382846
"[10,143]",1.25867624331872
"[11,143]",4.50645330743027
"[12,143]",236.724645809145
"[13,143]",118.584162101306
"[16,143]",0
"[17,143]",194.366637517264
"[18,143]",82.9675896513732
"[19,143]",56.0192626856517
"[20,143]",4.63127627228082
"[21,143]",0.965309459307255
"[22,143]",226.485998888535
"[23,143]",0
"[24,143]",126.822851937334
"[25,143]",20.8055046948036
"[26,143]",0
"[27,143]",27.2017505838833
"[28,143]",3.28293636560931
"[29,143]",70.6740903320765
"[30,143]",429.316978055891
"[31,143]",465.002634242732
"[32,143]",48.0613977100456
"[33,143]",0
"[34,143]",4.76241727149276
"[35,143]",2.51403810779408
"[36,143]",3.66243402744629
"[37,143]",0
"[38,143]",0
"[39,143]",5.08932604320342
"[40,143]",29.4467365869853
"[41,143]",0
"[42,143]",0
"[43,143]",0
"[44,143]",0.686680624350484
"[45,143]",0.577127637019423
"[46,143]",39.5198300044455
"[47,143]",0.337399065998143
"[1,144]",0
"[2,144]",0.0480597640060744
"[3,144]",5.44507760076031
"[4,144]",6.54994670936308
"[5,144]",3.28726053499215
"[6,144]",25.822274394489
"[7,144]",0
"[8,144]",7.61673949201053
"[9,144]",422.260615456063
"[10,144]",0
"[11,144]",3.28426942756944
"[13,144]",117.434866419548
"[16,144]",4.30613230846591
"[17,144]",187.711843377331
"[18,144]",78.0986413055008
"[19,144]",49.7447407730057
"[20,144]",3.91662036420951
"[21,144]",0
"[22,144]",219.921555998715
"[23,144]",1.85731073121638
"[24,144]",128.350884632215
"[25,144]",16.4889390411775
"[26,144]",0
"[27,144]",22.4915649912955
"[28,144]",0
"[29,144]",62.6563984710785
"[30,144]",429.502934906741
"[31,144]",447.430808274571
"[32,144]",49.526198187504
"[33,144]",0
"[34,144]",0
"[35,144]",2.16205578636192
"[36,144]",3.60516825658134
"[37,144]",0
"[38,144]",3.20849301631639
"[39,144]",0
"[40,144]",25.5834731319449
"[41,144]",0.208554617988945
"[42,144]",2.34207498174742
"[43,144]",0
"[44,144]",0
"[45,144]",2.46994942183419
"[46,144]",39.0954807433634
"[47,144]",5.15583908418979
"[1,145]",0.497390677541931
"[2,145]",1.65718300219892
"[3,145]",6.85979964925816
"[4,145]",2.93738826436092
"[5,145]",1.55178479888843
"[6,145]",22.5702222866751
"[7,145]",0
"[8,145]",0
"[9,145]",415.617497483024
"[10,145]",0
"[14,145]",3.33766704845653
"[16,145]",1.21751221761953
"[17,145]",186.36352906267
"[18,145]",77.6176590031725
"[19,145]",52.8165016714232
"[20,145]",0
"[21,145]",4.84636489183217
"[22,145]",222.746176668539
"[23,145]",0
"[24,145]",121.547582653473
"[25,145]",19.1964106944431
"[26,145]",0
"[27,145]",23.6712921076346
"[28,145]",0.406168188996228
"[29,145]",58.919210749222
"[30,145]",427.162882560078
"[31,145]",444.697639496491
"[32,145]",46.6795650490329
"[33,145]",3.25935293901907
"[34,145]",0
"[35,145]",0
"[36,145]",0.840629782197359
"[37,145]",0
"[38,145]",0.694582052888209
"[39,145]",2.52221131080404
"[40,145]",27.4877370950572
"[41,145]",0
"[42,145]",3.0821432469397
"[43,145]",0
"[44,145]",0
"[45,145]",3.93142921653277
"[46,145]",29.0102256350635
"[47,145]",0
"[1,146]",0
"[2,146]",0
"[4,146]",0
"[5,146]",0
"[6,146]",23.506429196619
"[7,146]",0
"[8,146]",3.67542805506042
"[9,146]",403.535319914491
"[10,146]",0
"[12,146]",221.903097538484
"[13,146]",107.523151592417
"[14,146]",0
"[16,146]",2.32203347750083
"[17,146]",185.038971552801
"[18,146]",72.221844469093
"[19,146]",48.4787152879892
"[20,146]",3.78758074333544
"[21,146]",0
"[22,146]",215.455561411331
"[23,146]",7.56732314405775
"[24,146]",120.359284413795
"[25,146]",16.3069632420164
"[26,146]",0.0692202929630134
"[27,146]",23.7176968540359
"[28,146]",0
"[29,146]",55.9818154301004
"[30,146]",421.463771410501
"[31,146]",428.851228504379
"[32,146]",43.5070933423544
"[33,146]",3.25287622552581
"[34,146]",0
"[35,146]",0.506451567969586
"[36,146]",0
"[37,146]",1.81749157424659
"[38,146]",0
"[39,146]",4.45010176700695
"[40,146]",24.116284325927
"[41,146]",0.208407742886021
"[42,146]",0.643271202235975
"[43,146]",0
"[44,146]",1.33113138755907
"[45,146]",0
"[46,146]",30.4531906441749
"[47,146]",0
"[1,147]",0
"[2,147]",0
"[3,147]",6.81143082787166
"[4,147]",0
"[5,147]",1.92519858687204
"[6,147]",22.8127943341131
"[7,147]",3.75478338734435
"[8,147]",0
"[9,147]",402.123013907352
"[10,147]",0
"[11,147]",0.012883911976706
"[12,147]",220.095227868979
"[13,147]",107.561973579285
"[14,147]",0.834177404840737
"[16,147]",0
"[17,147]",186.39641203331
"[18,147]",71.6183637521288
"[19,147]",49.6026910785211
"[20,147]",0.968512260197271
"[21,147]",1.42840241642735
"[22,147]",218.121578955561
"[23,147]",0
"[24,147]",116.336465994286
"[25,147]",9.58735279034286
"[26,147]",0
"[27,147]",17.8843481726228
"[28,147]",0
"[29,147]",53.6152568192797
"[30,147]",412.706934803147
"[31,147]",418.788959504807
"[32,147]",38.9788879902296
"[33,147]",5.79215163253216
"[34,147]",0
"[35,147]",0
"[36,147]",0
"[37,147]",0
"[38,147]",0
"[39,147]",0
"[40,147]",25.5759784474036
"[41,147]",0
"[42,147]",2.12877486765653
"[43,147]",1.28758516528154
"[44,147]",1.51366167931993
"[45,147]",1.22367496609796
"[46,147]",29.7631423104969
"[47,147]",0.087635852618104
"[1,148]",2.43688145621511
"[2,148]",4.08930073423386
"[3,148]",8.52308321239944
"[4,148]",3.36812300620011
"[5,148]",2.2102695146086
"[6,148]",17.6870840577562
"[7,148]",3.03427173043745
"[8,148]",1.91145166970575
"[9,148]",393.972206211455
"[10,148]",0.59705124862217
"[12,148]",211.983216961841
"[13,148]",100.790592511606
"[16,148]",1.93831780127573
"[17,148]",182.444225494152
"[18,148]",67.2560734748033
"[19,148]",44.6123227073841
"[20,148]",1.81374868178723
"[21,148]",4.45968338543775
"[22,148]",215.150223383999
"[23,148]",3.84308893050899
"[24,148]",113.059441750935
"[25,148]",12.5800784916892
"[26,148]",0
"[27,148]",18.9492922711344
"[28,148]",0
"[29,148]",47.2346619509261
"[30,148]",413.986438825277
"[31,148]",415.006802099355
"[32,148]",41.7969176491386
"[33,148]",0
"[34,148]",0
"[35,148]",0
"[36,148]",0.507493593434884
"[37,148]",0
"[38,148]",0
"[39,148]",1.08636475354829
"[40,148]",19.9596574389273
"[41,148]",0
"[42,148]",3.37929979564495
"[43,148]",0
"[44,148]",0
"[45,148]",4.52172386564447
"[46,148]",29.0318880147848
"[47,148]",0
"[2,149]",6.16155654416244
"[3,149]",2.05686119285957
"[4,149]",1.16034453074952
"[5,149]",0
"[6,149]",18.4121277128153
"[7,149]",2.22370593429048
"[8,149]",4.20025086291912
"[9,149]",391.074751352393
"[10,149]",1.8810544902308
"[11,149]",1.89671321147663
"[12,149]",209.164170388096
"[13,149]",94.8664631698647
"[14,149]",1.95350043410372
"[16,149]",1.82069292213559
"[17,149]",178.322428759269
"[18,149]",71.3347971292873
"[19,149]",44.2081438736467
"[20,149]",0
"[21,149]",5.30637815673335
"[22,149]",215.909561063226
"[23,149]",0
"[24,149]",112.677697454949
"[25,149]",19.8704920394225
"[26,149]",0
"[27,149]",15.9616393043168
"[28,149]",0.576597253458178
"[29,149]",48.469176534162
"[30,149]",409.272315835863
"[31,149]",405.176564126791
"[32,149]",38.8632277733057
"[33,149]",0.108798215471519
"[34,149]",1.92661573770261
"[35,149]",0
"[36,149]",0
"[37,149]",0.300688327496983
"[38,149]",0
"[39,149]",0
"[40,149]",18.1762708691178
"[41,149]",2.1760966202945
"[42,149]",1.03028349961473
"[43,149]",0.53162228227963
"[44,149]",0
"[45,149]",0
"[46,149]",26.3517346228884
"[47,149]",0
"[1,150]",3.78481517494163
"[2,150]",0
"[4,150]",0
"[5,150]",0
"[6,150]",14.2731421672105
"[7,150]",0.862203127936602
"[8,150]",0.266095566105767
"[9,150]",384.077706238868
"[10,150]",2.4394391364616
"[11,150]",1.95650944962459
"[12,150]",202.230492424277
"[16,150]",4.76366405340441
"[17,150]",172.202309239944
"[18,150]",69.4430108593
"[19,150]",45.3363348856358
"[20,150]",1.7768889269747
"[21,150]",2.10805986384134
"[22,150]",214.317700075986
"[23,150]",0.397676582808769
"[24,150]",113.318600575985
"[25,150]",12.2166315162655
"[26,150]",1.5421865100009
"[27,150]",13.639151073267
"[28,150]",4.80364685188612
"[29,150]",46.9398419511697
"[30,150]",410.955287289861
"[31,150]",400.949353788971
"[32,150]",29.9664251788542
"[33,150]",0
"[34,150]",0
"[35,150]",0
"[36,150]",1.66543013425739
"[37,150]",3.59597611231997
"[38,150]",2.7357587654667
"[39,150]",0
"[40,150]",22.1028915704232
"[41,150]",2.60000992876079
"[42,150]",0.127226775595705
"[43,150]",1.77974579068384
"[44,150]",1.71354271662908
"[45,150]",0.160635791818667
"[46,150]",19.9085083109296
"[47,150]",0.562449806527452
"[2,151]",0.68044433516182
"[5,151]",1.3195329474976
"[6,151]",14.6734575175012
"[7,151]",0
"[8,151]",0
"[9,151]",371.900809427241
"[10,151]",0
"[11,151]",4.57232342976665
"[12,151]",199.026176299475
"[16,151]",0
"[17,151]",167.107563897089
"[18,151]",61.5361086738043
"[19,151]",45.2346870898101
"[20,151]",0
"[21,151]",0
"[22,151]",200.731870320512
"[23,151]",0
"[24,151]",106.825740512
"[25,151]",11.2843249969695
"[26,151]",0
"[27,151]",20.8579544968275
"[28,151]",2.65075879827329
"[29,151]",41.1146800084027
"[30,151]",402.982645715406
"[31,151]",381.523276810246
"[32,151]",31.1254264223934
"[33,151]",0
"[34,151]",0.0955080321667995
"[35,151]",2.85875980801426
"[36,151]",1.80877134871647
"[37,151]",3.35674686106417
"[38,151]",0
"[39,151]",0.193534511409757
"[40,151]",18.8376327548848
"[41,151]",0
"[42,151]",0
"[43,151]",0
"[44,151]",0.909748246951815
"[45,151]",5.01174367564157
"[46,151]",17.7057385365106
"[47,151]",0.975012976338163
"[1,152]",0.763200055262975
"[2,152]",3.21193614456494
"[4,152]",0
"[5,152]",0.802064955336407
"[6,152]",15.6504873932193
"[7,152]",1.44558701097238
"[8,152]",0.284300205313945
"[9,152]",373.6878201712
"[10,152]",2.79747452425354
"[11,152]",1.42330671447035
"[12,152]",194.93740152013
"[16,152]",0
"[17,152]",165.990539446157
"[18,152]",58.5007157467019
"[19,152]",37.757884625907
"[20,152]",0.646738850507015
"[21,152]",0
"[22,152]",206.599123371778
"[23,152]",0
"[24,152]",108.948544988421
"[25,152]",12.4376481753628
"[26,152]",0
"[27,152]",13.1809879370406
"[28,152]",1.66909239828194
"[29,152]",35.4748575065154
"[30,152]",398.476638460296
"[31,152]",377.238261134023
"[32,152]",31.6793180538539
"[33,152]",0.0550868322152647
"[34,152]",0
"[35,152]",2.25909294708465
"[36,152]",0
"[37,152]",0
"[38,152]",0
"[39,152]",3.70957610438072
"[40,152]",15.6063061047269
"[41,152]",0
"[42,152]",0
"[43,152]",0
"[44,152]",0
"[45,152]",5.26558114919072
"[46,152]",22.4683752679295
"[47,152]",2.20942032223221
"[1,153]",0.103625083891959
"[2,153]",3.07722501164366
"[3,153]",2.13707078027562
"[5,153]",0
"[6,153]",11.6419789144454
"[7,153]",0
"[8,153]",1.66537077785082
"[9,153]",367.254815322295
"[10,153]",0
"[11,153]",0
"[12,153]",190.345635962047
"[13,153]",90.3212927408293
"[14,153]",0
"[16,153]",1.65982390882801
"[17,153]",163.019000129335
"[18,153]",62.7595553518836
"[19,153]",40.6843103536033
"[20,153]",0
"[21,153]",0
"[22,153]",205.35369686848
"[23,153]",3.64958697026878
"[24,153]",108.468241789429
"[25,153]",11.0381442775071
"[26,153]",0
"[27,153]",12.951651817984
"[28,153]",1.68705734563429
"[29,153]",41.663727949501
"[30,153]",394.550171395926
"[31,153]",367.764509749691
"[32,153]",32.8466681845921
"[33,153]",2.76113967402908
"[34,153]",0
"[35,153]",0
"[36,153]",0
"[37,153]",0
"[38,153]",0
"[39,153]",0
"[40,153]",16.0104083153016
"[41,153]",1.55468597944897
"[42,153]",0.610631969533546
"[43,153]",1.32124277175523
"[44,153]",0
"[45,153]",0.555668177469034
"[46,153]",18.7068286695101
"[47,153]",0.788675475279571
"[1,154]",0
"[2,154]",0.885307043120045
"[3,154]",1.53917108527205
"[5,154]",0
"[6,154]",12.2914709858003
"[7,154]",0
"[8,154]",0
"[9,154]",365.007456024926
"[10,154]",2.02209355865256
"[11,154]",0.854787766474132
"[12,154]",188.325237127494
"[13,154]",88.2164255829779
"[16,154]",3.39430159090915
"[17,154]",166.537749482876
"[18,154]",56.2727795185288
"[19,154]",41.9946218549986
"[20,154]",2.83680383536557
"[21,154]",0
"[22,154]",208.677625815789
"[23,154]",4.7277896803223
"[24,154]",105.078997604583
"[25,154]",16.6460048044093
"[26,154]",1.63459761678911
"[27,154]",15.9288817688064
"[28,154]",0.12263729261078
"[29,154]",35.7166467708101
"[30,154]",395.482635494724
"[31,154]",356.934209563423
"[32,154]",26.1879651729871
"[33,154]",0
"[34,154]",0
"[35,154]",0.765070619254401
"[36,154]",4.35178062498609
"[37,154]",0
"[38,154]",0.0336756105036553
"[39,154]",1.16810019308461
"[40,154]",13.4399770608778
"[41,154]",0.0901919647396341
"[42,154]",0
"[43,154]",0
"[44,154]",0
"[45,154]",0.0727986599485862
"[46,154]",14.9430541106742
"[47,154]",0
"[1,155]",3.48810563060496
"[2,155]",2.82143852362587
"[3,155]",10.3812683779906
"[5,155]",0.226533729232234
"[6,155]",13.7208590030755
"[7,155]",0.607760276602577
"[8,155]",4.7732948709464
"[9,155]",351.790042753502
"[10,155]",0
"[12,155]",183.345796346992
"[13,155]",90.4217002419786
"[16,155]",0
"[17,155]",160.491542673744
"[18,155]",54.6988774409915
"[19,155]",36.6216166774685
"[20,155]",0
"[21,155]",2.0950220754892
"[22,155]",203.400462272667
"[23,155]",1.33020675688115
"[24,155]",104.984392004482
"[25,155]",11.4442607564438
"[26,155]",1.72730251237854
"[27,155]",10.4606936312207
"[28,155]",0
"[29,155]",35.4000251569088
"[30,155]",385.04249495522
"[31,155]",352.335710564512
"[32,155]",22.7308191929077
"[33,155]",0.669485487024981
"[34,155]",0
"[35,155]",2.61344782175787
"[36,155]",0.344836737665918
"[37,155]",0
"[38,155]",0
"[39,155]",0.173347737291053
"[40,155]",9.63550199535536
"[41,155]",0
"[42,155]",1.37533529624667
"[43,155]",2.96898283083809
"[44,155]",2.63644293212371
"[45,155]",0
"[46,155]",18.6612615396476
"[47,155]",0
"[1,156]",4.46333830149619
"[2,156]",3.03736529277792
"[3,156]",3.6149281399124
"[5,156]",0
"[6,156]",12.7752549176852
"[7,156]",0
"[8,156]",0.573411227394394
"[9,156]",353.149108123816
"[10,156]",0
"[12,156]",178.591141050239
"[13,156]",83.1813441227037
"[16,156]",0.952434829189853
"[17,156]",161.48377843095
"[18,156]",53.5928476856615
"[19,156]",36.6326777921192
"[20,156]",0.00669523372657007
"[21,156]",0.075969230525926
"[22,156]",198.501127715831
"[23,156]",1.15286879135146
"[24,156]",97.4690346034766
"[25,156]",12.0035233031053
"[26,156]",0
"[27,156]",8.93986656219646
"[28,156]",4.64800946847434
"[29,156]",34.397600303496
"[30,156]",386.155028336185
"[31,156]",340.406647093938
"[32,156]",21.8152066546435
"[33,156]",1.16875372707439
"[34,156]",0
"[35,156]",0
"[36,156]",2.18124502237535
"[37,156]",0
"[38,156]",1.09285668642258
"[39,156]",0
"[40,156]",13.0122861156181
"[41,156]",0
"[42,156]",6.61505607998
"[43,156]",0
"[44,156]",0
"[45,156]",5.10097514667144
"[46,156]",20.3308641404743
"[47,156]",0.00694272655248575
"[1,157]",0
"[2,157]",0
"[3,157]",3.28579673559295
"[5,157]",5.15629977531992
"[6,157]",12.2790540708572
"[7,157]",2.44753395495149
"[8,157]",0
"[9,157]",352.235898497069
"[10,157]",0
"[11,157]",3.30390884477372
"[12,157]",175.132185536028
"[13,157]",72.1740251628804
"[16,157]",1.01737434280772
"[17,157]",157.175699703264
"[18,157]",51.0124567044386
"[19,157]",38.0543176419237
"[20,157]",0
"[21,157]",0
"[22,157]",198.988427599984
"[23,157]",0
"[24,157]",101.269268088871
"[25,157]",6.00108672552276
"[26,157]",1.6430872156568
"[27,157]",12.0173110437641
"[28,157]",0
"[29,157]",30.2660657803934
"[30,157]",378.619828471563
"[31,157]",337.964361206434
"[32,157]",16.7341894166066
"[33,157]",0
"[34,157]",0
"[35,157]",0
"[36,157]",1.10203898362062
"[37,157]",0
"[38,157]",2.78555459089197
"[39,157]",0
"[40,157]",10.3817861780674
"[41,157]",0
"[42,157]",0
"[43,157]",2.69851121036426
"[44,157]",0
"[45,157]",3.23153541333759
"[46,157]",14.5652946029672
"[47,157]",2.38934965107652
"[2,158]",0
"[3,158]",2.49188611920723
"[5,158]",0.092121456629163
"[6,158]",9.41980345430774
"[7,158]",0.000252457241098662
"[8,158]",0.000145966006680654
"[9,158]",342.778277572842
"[10,158]",0.0104143724991334
"[11,158]",0.379709439207218
"[12,158]",171.976041572852
"[13,158]",78.2040629505807
"[14,158]",0.00035537065731585
"[15,158]",255.78903221778
"[16,158]",2.49528859464678e-05
"[17,158]",153.754562625044
"[18,158]",50.7498235310789
"[19,158]",35.3917544877162
"[20,158]",0
"[21,158]",0.0261493757607842
"[22,158]",194.921782202257
"[23,158]",0.0155094652993393
"[24,158]",93.8099514648508
"[25,158]",7.02808167234556
"[26,158]",8.59478182674452e-05
"[27,158]",10.951759506837
"[28,158]",0.00086144357972977
"[29,158]",28.5942196499671
"[30,158]",375.515037831376
"[31,158]",327.7191495966
"[32,158]",18.4361333467273
"[33,158]",0.000425850572646221
"[34,158]",0.00283690032843171
"[35,158]",9.90983009007733e-05
"[36,158]",0.106353007831531
"[37,158]",0
"[38,158]",0
"[39,158]",0.000324219764051679
"[40,158]",10.7769341764825
"[41,158]",0.000152249138812336
"[42,158]",0.117143262769062
"[43,158]",0.000619587903741664
"[44,158]",0
"[45,158]",0.00675555379705611
"[46,158]",12.7164801195118
"[47,158]",0.0504295550271197
"[1,159]",0.00438815514881969
"[2,159]",0
"[3,159]",2.35663098535751
"[5,159]",0.0763625497851899
"[6,159]",8.78811063386704
"[7,159]",0
"[8,159]",4.52053106525251e-06
"[9,159]",337.701594089167
"[10,159]",0.0108236858087411
"[11,159]",0.336515093968762
"[12,159]",168.482502095739
"[13,159]",76.2924091073141
"[14,159]",0
"[15,159]",252.526977060338
"[16,159]",0.000373556759323725
"[17,159]",151.172062291719
"[18,159]",49.3355492021359
"[19,159]",34.2080708667307
"[20,159]",0
"[21,159]",0.0244698552854768
"[22,159]",193.420591391034
"[23,159]",0.0137044728654535
"[24,159]",92.8466343177817
"[25,159]",6.70383114497308
"[26,159]",0.00046084675905418
"[27,159]",10.354972605899
"[28,159]",0
"[29,159]",27.231280241621
"[30,159]",373.551774556143
"[31,159]",319.9965494661
"[32,159]",17.0686450178426
"[33,159]",0
"[34,159]",0.000342498199971769
"[35,159]",0.00229173646868801
"[36,159]",0.0925206113676544
"[37,159]",0.00137886951010002
"[38,159]",0
"[39,159]",0.00209530236034189
"[40,159]",10.0757658719562
"[41,159]",0.00299640056100297
"[42,159]",0.110334004100308
"[43,159]",0.00095369106628306
"[44,159]",0.00275895027057283
"[45,159]",0.00516867887362081
"[46,159]",11.7787551719381
"[47,159]",0.0455026615966006
"[2,160]",2.92692194619831e-05
"[3,160]",2.1851877863239
"[5,160]",0.0653816279599087
"[6,160]",8.1138011478468
"[7,160]",0
"[8,160]",0
"[9,160]",333.27120916631
"[10,160]",0.00775457550357689
"[11,160]",0.280388775275059
"[12,160]",164.971390599596
"[13,160]",74.1332143809389
"[14,160]",0
"[15,160]",249.099717304009
"[16,160]",0.00100440201539828
"[17,160]",149.127975287118
"[18,160]",47.7871614026025
"[19,160]",33.4550384209472
"[20,160]",0.00040645329962848
"[21,160]",0.021030949752574
"[22,160]",191.369955753982
"[23,160]",0.0131356434753171
"[24,160]",90.5079289982021
"[25,160]",6.15974411963761
"[26,160]",0.000910155683278313
"[27,160]",9.694855419779
"[28,160]",0.000970647368390583
"[29,160]",25.5266494247613
"[30,160]",368.623222156239
"[31,160]",312.733914808021
"[32,160]",15.9805279588961
"[33,160]",0.00107090819087187
"[34,160]",0.00228704050292641
"[35,160]",0.000470206395133224
"[36,160]",0.0786947051989323
"[37,160]",0
"[38,160]",0
"[39,160]",0
"[40,160]",9.44675571070469
"[41,160]",0
"[42,160]",0.0906150707752299
"[43,160]",0
"[44,160]",0
"[45,160]",0.00629448939351078
"[46,160]",10.9551800053217
"[47,160]",0.0398483784628796
"[1,161]",0
"[2,161]",0
"[3,161]",2.06325155922445
"[5,161]",0.0607400115431228
"[6,161]",7.54678743510115
"[7,161]",0
"[8,161]",0
"[9,161]",327.78457487034
"[10,161]",0.00317433618435424
"[11,161]",0.245889787391787
"[12,161]",161.596293294592
"[13,161]",72.0370487637638
"[14,161]",0.00162795560100743
"[15,161]",245.695093443646
"[16,161]",0.00147766101260014
"[17,161]",146.847565068795
"[18,161]",46.3196408949083
"[19,161]",32.4683910333282
"[20,161]",0.000976999393695765
"[21,161]",0.0174045299047245
"[22,161]",189.446092867381
"[23,161]",0.0160163156386291
"[24,161]",88.9203384680498
"[25,161]",5.79964129738024
"[26,161]",0.00262383172839884
"[27,161]",9.14410041021524
"[28,161]",5.15359160847891e-05
"[29,161]",24.1539081312758
"[30,161]",365.174799447693
"[31,161]",306.067494081964
"[32,161]",14.8684435551381
"[33,161]",0
"[34,161]",0.00390381643962225
"[35,161]",0.00218698132698749
"[36,161]",0.0745818776126363
"[37,161]",6.34406198149817e-05
"[38,161]",0
"[39,161]",0
"[40,161]",8.80577459161552
"[41,161]",0.00173619067155184
"[42,161]",0.0877250326351847
"[43,161]",0.000593213376897721
"[44,161]",0
"[45,161]",0.00687471172579657
"[46,161]",10.1222439693641
"[47,161]",0.0333955168069802
"[1,162]",0
"[2,162]",0.000377325991919393
"[3,162]",1.9182955977977
"[5,162]",0.0499298200486608
"[6,162]",6.9996010891231
"[7,162]",0.00256661038302304
"[8,162]",0
"[9,162]",323.645458982273
"[10,162]",0.00445779338649084
"[11,162]",0.206469792656581
"[12,162]",158.807184156861
"[13,162]",69.9716439199217
"[14,162]",0
"[15,162]",242.947703605104
"[16,162]",0
"[17,162]",144.753285258973
"[18,162]",45.367798975439
"[19,162]",31.0788935109283
"[20,162]",0
"[21,162]",0.024275781694698
"[22,162]",188.099154314877
"[23,162]",0.0146986708068019
"[24,162]",88.3957673489174
"[25,162]",5.35741193421115
"[26,162]",0
"[27,162]",8.53574950784355
"[28,162]",0
"[29,162]",23.0568291599311
"[30,162]",364.437640708623
"[31,162]",299.060268656923
"[32,162]",13.7957036103759
"[33,162]",0.00259524464980973
"[34,162]",0
"[35,162]",0.00418616405147875
"[36,162]",0.0626725010552462
"[37,162]",0
"[38,162]",0
"[39,162]",0.00831930990918055
"[40,162]",8.34158379181803
"[41,162]",0
"[42,162]",0.079520361864232
"[43,162]",0
"[44,162]",0.000235870349539348
"[45,162]",0.00238550083483153
"[46,162]",9.48189732299184
"[47,162]",0.0305660725031479
"[1,163]",0
"[2,163]",0.00303976091184158
"[3,163]",1.72450478596267
"[4,163]",0
"[5,163]",0.0408118429445451
"[6,163]",6.51375446694351
"[7,163]",0
"[9,163]",319.761415429924
"[10,163]",0.00308189738351945
"[11,163]",0.18386047621185
"[12,163]",155.089834360822
"[13,163]",68.3306951106836
"[14,163]",0
"[15,163]",239.683966641226
"[16,163]",0
"[17,163]",142.371866502272
"[18,163]",44.0421106310955
"[19,163]",30.8868963212469
"[20,163]",0
"[21,163]",0.0159630261033491
"[22,163]",185.33119134869
"[23,163]",0.0084924968335179
"[24,163]",86.1770049053054
"[25,163]",5.25189419942218
"[26,163]",0
"[27,163]",8.16411995442015
"[28,163]",0
"[29,163]",21.3700716613763
"[30,163]",358.90423286458
"[31,163]",291.728768991834
"[32,163]",12.9975606154434
"[33,163]",0.00308418103164678
"[34,163]",0.00199864994054498
"[35,163]",0
"[36,163]",0.0547193668005081
"[37,163]",0.00279765542201053
"[38,163]",0
"[39,163]",0
"[40,163]",7.71448967392155
"[41,163]",0
"[42,163]",0.0636075705745979
"[43,163]",0
"[44,163]",0.000382452988072111
"[45,163]",0.00324110180506164
"[46,163]",8.8570982842746
"[47,163]",0.0275937582756162
"[1,164]",0.00111504225479655
"[2,164]",0.00168933781875075
"[3,164]",1.67833664654641
"[4,164]",0.000881643519254882
"[5,164]",0.0305552527548813
"[6,164]",6.02812507456102
"[7,164]",0
"[9,164]",314.903498774586
"[10,164]",0.00354406206205349
"[11,164]",0.155119433808086
"[12,164]",151.67859941472
"[13,164]",66.7687348897195
"[14,164]",9.5261899273164e-05
"[15,164]",235.865207542599
"[16,164]",0
"[17,164]",140.20522031707
"[18,164]",42.3777735988878
"[19,164]",30.5655289095613
"[20,164]",0.00410085724538522
"[21,164]",0.0120888696324687
"[22,164]",185.170233187643
"[23,164]",0.0100840926504008
"[24,164]",84.4469589894178
"[25,164]",4.69567787328364
"[26,164]",0.00223332787502224
"[27,164]",7.55933214510872
"[28,164]",0.00100697951212272
"[29,164]",20.381800551361
"[30,164]",355.052243070051
"[31,164]",284.36279362141
"[32,164]",11.9405068614647
"[33,164]",0.000217097388580051
"[34,164]",0
"[35,164]",0
"[36,164]",0.045109006141119
"[37,164]",0
"[38,164]",0
"[39,164]",0
"[40,164]",7.29202795363347
"[41,164]",0
"[42,164]",0.0538087919144454
"[43,164]",0.00171394973609685
"[44,164]",0
"[45,164]",0.00195649843850666
"[46,164]",8.11384179155701
"[47,164]",0.0193220967382492
"[1,165]",0.000895132055523926
"[2,165]",0.000498263283111453
"[3,165]",1.5149331069305
"[4,165]",0
"[5,165]",0.0305588795362305
"[6,165]",5.59970722092917
"[7,165]",0.00141351249125102
"[9,165]",310.435658589758
"[10,165]",0.00294985413805955
"[11,165]",0.137649683759255
"[12,165]",148.572050603522
"[13,165]",64.726443875901
"[14,165]",0
"[15,165]",233.17920067177
"[16,165]",0
"[17,165]",138.389100014505
"[18,165]",40.9919444105502
"[19,165]",29.4423040188083
"[20,165]",0
"[21,165]",0.0126134734317689
"[22,165]",182.52266522566
"[23,165]",0.0102608160694637
"[24,165]",83.1913165747094
"[25,165]",4.4187583059702
"[26,165]",0.000542292680431576
"[27,165]",7.21003152942581
"[28,165]",0
"[29,165]",19.2624693399602
"[30,165]",352.187717294708
"[31,165]",277.815827226178
"[32,165]",11.1379301344688
"[33,165]",0
"[34,165]",0.000576961613668999
"[35,165]",0.00156890113387931
"[36,165]",0.0383799776494716
"[37,165]",0
"[38,165]",0
"[39,165]",0
"[40,165]",6.72832732637286
"[41,165]",0
"[42,165]",0.0577417608000459
"[43,165]",0
"[44,165]",0
"[45,165]",0.00203252393193212
"[46,165]",7.59523342081084
"[47,165]",0.0222663224392965
"[1,166]",0.000280359257361431
"[2,166]",0
"[3,166]",1.41699987679802
"[4,166]",0
"[5,166]",0.025718804472158
"[6,166]",5.1864870028991
"[7,166]",0.00270045015387114
"[9,166]",306.31925808601
"[10,166]",0
"[11,166]",0.112798840245379
"[12,166]",145.638872149874
"[13,166]",63.3518250560126
"[14,166]",0.000496224003105756
"[15,166]",230.212150740383
"[16,166]",0
"[17,166]",136.018183580708
"[18,166]",40.0449988274334
"[19,166]",28.5117688510427
"[20,166]",0
"[21,166]",0.00740799395945358
"[22,166]",180.477574099746
"[23,166]",0.00386159590355483
"[24,166]",80.6577709238551
"[25,166]",4.24842768917567
"[26,166]",0.000960071064363997
"[27,166]",6.69888670315521
"[28,166]",9.85167620785686e-05
"[29,166]",18.0368206892583
"[30,166]",349.016711372242
"[31,166]",271.187323870461
"[32,166]",10.3222919811246
"[33,166]",0.000106163188813962
"[34,166]",0.000616766994121011
"[35,166]",0
"[36,166]",0.0345406857261633
"[37,166]",0
"[38,166]",0.000602203990600178
"[39,166]",0.0022561956744845
"[40,166]",6.30657646275061
"[41,166]",0.00183590538167794
"[42,166]",0.0517411255777903
"[43,166]",0.000492502248120734
"[44,166]",0
"[45,166]",0.00104875169619397
"[46,166]",7.04257878543911
"[47,166]",0.0212223152404077
"[1,167]",0
"[2,167]",0.00118752958786168
"[3,167]",1.31026016785931
"[4,167]",0.0023854397071587
"[5,167]",0.016259566546638
"[6,167]",4.80587834950693
"[7,167]",0.000955729004542922
"[9,167]",302.449371145649
"[10,167]",0.00227300822487785
"[11,167]",0.0973314037539523
"[12,167]",142.882621251026
"[13,167]",61.3561806661593
"[14,167]",0
"[15,167]",227.352183315075
"[16,167]",0
"[17,167]",134.263939098467
"[18,167]",38.8440388858411
"[19,167]",27.9147805486283
"[20,167]",0
"[21,167]",0.00640369308278196
"[22,167]",178.715011148899
"[23,167]",0.00633288833562259
"[24,167]",80.1294969736527
"[25,167]",3.83290589139036
"[26,167]",0.00264451190574716
"[27,167]",6.49005943087541
"[28,167]",0
"[29,167]",17.0453176959565
"[30,167]",347.35383913533
"[31,167]",265.064149105973
"[32,167]",9.57880449423753
"[33,167]",9.55175350345949e-05
"[34,167]",0.000979325258437414
"[35,167]",0.000311328094098958
"[36,167]",0.0328198642784328
"[37,167]",0
"[38,167]",0.00266090679901808
"[39,167]",0.000934368966335477
"[40,167]",5.98519831397023
"[41,167]",0.00121768157586265
"[42,167]",0.0438294054050479
"[43,167]",0
"[44,167]",0.00207703947364912
"[45,167]",0
"[46,167]",6.52911516043092
"[47,167]",0.0168155058444451
