year,days,max
2012,five,229
2012,four,229
2012,one,229
2012,three,229
2012,two,229
2013,five,230
2013,four,230
2013,one,230
2013,three,230
2013,two,230
2014,five,229
2014,four,229
2014,one,234
2014,three,229
2014,two,229
2015,five,230
2015,four,230
2015,one,230
2015,three,230
2015,two,230
2016,five,230
2016,four,230
2016,one,230
2016,three,230
2016,two,230
2017,five,230
2017,four,230
2017,one,230
2017,three,230
2017,two,230
2018,five,230
2018,four,230
2018,one,230
2018,three,230
2018,two,230
2019,five,229
2019,four,229
2019,one,229
2019,three,229
2019,two,229
2020,five,230
2020,four,230
2020,one,230
2020,three,230
2020,two,230
2021,five,230
2021,four,230
2021,one,230
2021,three,230
2021,two,230
