date,count
7/1/1957,9960
7/2/1957,20136
7/3/1957,3042
7/4/1957,7524
7/5/1957,8848
7/6/1957,5632
7/7/1957,7552
7/8/1957,13656
7/9/1957,20826
7/10/1957,44664
7/11/1957,85639
7/12/1957,64132
7/13/1957,35985
7/14/1957,8722
7/15/1957,17179
7/16/1957,21302
7/17/1957,361
7/18/1957,3783
7/19/1957,4596
7/20/1957,3063
7/21/1957,120
7/22/1957,1169
7/23/1957,681
7/24/1957,1205
7/25/1957,801
7/26/1957,154
7/27/1957,295
7/28/1957,42
7/29/1957,42
7/30/1957,96
7/31/1957,
8/1/1957,
8/2/1957,
8/3/1957,
8/4/1957,
8/5/1957,
8/6/1957,
8/7/1957,
8/8/1957,
8/9/1957,
8/10/1957,
8/11/1957,
8/12/1957,
8/13/1957,
8/14/1957,
8/15/1957,
8/16/1957,
8/17/1957,
8/18/1957,
8/19/1957,
8/20/1957,
8/21/1957,
8/22/1957,
8/23/1957,
8/24/1957,
8/25/1957,
8/26/1957,
8/27/1957,
8/28/1957,
8/29/1957,
8/30/1957,
6/17/1958,
6/18/1958,
6/19/1958,
6/20/1958,
6/21/1958,
6/22/1958,
6/23/1958,
6/24/1958,
6/25/1958,
6/26/1958,
6/27/1958,
6/28/1958,
6/29/1958,
6/30/1958,16212
7/1/1958,3606
7/2/1958,7632
7/3/1958,7524
7/4/1958,13644
7/5/1958,30198
7/6/1958,31872
7/7/1958,27492
7/8/1958,44490
7/9/1958,18606
7/10/1958,8358
7/11/1958,12042
7/12/1958,5316
7/13/1958,1176
7/14/1958,2094
7/15/1958,408
7/16/1958,294
7/17/1958,3534
7/18/1958,3132
7/19/1958,924
7/20/1958,1308
7/21/1958,288
7/22/1958,1362
7/23/1958,1302
7/24/1958,264
7/25/1958,432
7/26/1958,570
7/27/1958,1266
7/28/1958,432
7/29/1958,30
7/30/1958,174
7/31/1958,198
8/1/1958,114
8/2/1958,60
8/3/1958,
8/4/1958,
8/5/1958,
8/6/1958,
8/7/1958,
8/8/1958,
8/9/1958,
8/10/1958,
8/11/1958,
8/12/1958,
8/13/1958,
8/14/1958,
8/15/1958,
8/16/1958,
8/17/1958,
8/18/1958,
8/19/1958,
8/20/1958,
8/21/1958,
8/22/1958,
8/23/1958,
8/24/1958,
8/25/1958,
8/26/1958,
8/27/1958,
8/28/1958,
8/29/1958,
8/30/1958,
6/17/1959,
6/18/1959,
6/19/1959,
6/20/1959,
6/21/1959,
6/22/1959,
6/23/1959,
6/24/1959,
6/25/1959,
6/26/1959,
6/27/1959,
6/28/1959,
6/29/1959,
6/30/1959,4800
7/1/1959,4506
7/2/1959,0
7/3/1959,0
7/4/1959,80
7/5/1959,20348
7/6/1959,15684
7/7/1959,98920
7/8/1959,127512
7/9/1959,90436
7/10/1959,96960
7/11/1959,88904
7/12/1959,17152
7/13/1959,2216
7/14/1959,30132
7/15/1959,58544
7/16/1959,86392
7/17/1959,51820
7/18/1959,106704
7/19/1959,21840
7/20/1959,51512
7/21/1959,25540
7/22/1959,21352
7/23/1959,8940
7/24/1959,5596
7/25/1959,1156
7/26/1959,4624
7/27/1959,2404
7/28/1959,6544
7/29/1959,1412
7/30/1959,741
7/31/1959,48
8/1/1959,0
8/2/1959,
8/3/1959,
8/4/1959,
8/5/1959,
8/6/1959,
8/7/1959,
8/8/1959,
8/9/1959,
8/10/1959,
8/11/1959,
8/12/1959,
8/13/1959,
8/14/1959,
8/15/1959,
8/16/1959,
8/17/1959,
8/18/1959,
8/19/1959,
8/20/1959,
8/21/1959,
8/22/1959,
8/23/1959,
8/24/1959,
8/25/1959,
8/26/1959,
8/27/1959,
8/28/1959,
8/29/1959,
8/30/1959,
6/17/1960,
6/18/1960,
6/19/1960,
6/20/1960,
6/21/1960,
6/22/1960,
6/23/1960,
6/24/1960,
6/25/1960,
6/26/1960,
6/27/1960,
6/28/1960,
6/29/1960,
6/30/1960,
7/1/1960,0
7/2/1960,0
7/3/1960,0
7/4/1960,0
7/5/1960,1416
7/6/1960,108
7/7/1960,92346
7/8/1960,62058
7/9/1960,17778
7/10/1960,154728
7/11/1960,193404
7/12/1960,310710
7/13/1960,267738
7/14/1960,68832
7/15/1960,216763
7/16/1960,165102
7/17/1960,137442
7/18/1960,33792
7/19/1960,43890
7/20/1960,20136
7/21/1960,12108
7/22/1960,402
7/23/1960,6
7/24/1960,0
7/25/1960,0
7/26/1960,0
7/27/1960,
7/28/1960,
7/29/1960,
7/30/1960,
7/31/1960,
8/1/1960,
8/2/1960,
8/3/1960,
8/4/1960,
8/5/1960,
8/6/1960,
8/7/1960,
8/8/1960,
8/9/1960,
8/10/1960,
8/11/1960,
8/12/1960,
8/13/1960,
8/14/1960,
8/15/1960,
8/16/1960,
8/17/1960,
8/18/1960,
8/19/1960,
8/20/1960,
8/21/1960,
8/22/1960,
8/23/1960,
8/24/1960,
8/25/1960,
8/26/1960,
8/27/1960,
8/28/1960,
8/29/1960,
8/30/1960,
6/17/1961,
6/18/1961,
6/19/1961,
6/20/1961,
6/21/1961,
6/22/1961,
6/23/1961,
6/24/1961,
6/25/1961,
6/26/1961,
6/27/1961,
6/28/1961,
6/29/1961,
6/30/1961,
7/1/1961,
7/2/1961,11286
7/3/1961,58308
7/4/1961,17826
7/5/1961,17100
7/6/1961,49908
7/7/1961,74454
7/8/1961,65562
7/9/1961,119526
7/10/1961,62790
7/11/1961,27414
7/12/1961,22158
7/13/1961,9258
7/14/1961,39228
7/15/1961,9390
7/16/1961,13446
7/17/1961,19626
7/18/1961,18348
7/19/1961,23220
7/20/1961,17658
7/21/1961,4944
7/22/1961,558
7/23/1961,2472
7/24/1961,9258
7/25/1961,3564
7/26/1961,1404
7/27/1961,450
7/28/1961,612
7/29/1961,366
7/30/1961,228
7/31/1961,378
8/1/1961,294
8/2/1961,246
8/3/1961,132
8/4/1961,126
8/5/1961,
8/6/1961,
8/7/1961,
8/8/1961,
8/9/1961,
8/10/1961,
8/11/1961,
8/12/1961,
8/13/1961,
8/14/1961,
8/15/1961,
8/16/1961,
8/17/1961,
8/18/1961,
8/19/1961,
8/20/1961,
8/21/1961,
8/22/1961,
8/23/1961,
8/24/1961,
8/25/1961,
8/26/1961,
8/27/1961,
8/28/1961,
8/29/1961,
8/30/1961,
6/17/1962,
6/18/1962,
6/19/1962,
6/20/1962,
6/21/1962,
6/22/1962,
6/23/1962,
6/24/1962,
6/25/1962,
6/26/1962,
6/27/1962,
6/28/1962,
6/29/1962,
6/30/1962,
7/1/1962,26394
7/2/1962,38604
7/3/1962,76638
7/4/1962,46206
7/5/1962,14124
7/6/1962,59994
7/7/1962,182160
7/8/1962,119448
7/9/1962,112512
7/10/1962,79254
7/11/1962,95502
7/12/1962,93972
7/13/1962,15618
7/14/1962,10176
7/15/1962,17856
7/16/1962,26628
7/17/1962,10494
7/18/1962,1482
7/19/1962,270
7/20/1962,114
7/21/1962,36
7/22/1962,
7/23/1962,
7/24/1962,
7/25/1962,
7/26/1962,
7/27/1962,
7/28/1962,
7/29/1962,
7/30/1962,
7/31/1962,
8/1/1962,
8/2/1962,
8/3/1962,
8/4/1962,
8/5/1962,
8/6/1962,
8/7/1962,
8/8/1962,
8/9/1962,
8/10/1962,
8/11/1962,
8/12/1962,
8/13/1962,
8/14/1962,
8/15/1962,
8/16/1962,
8/17/1962,
8/18/1962,
8/19/1962,
8/20/1962,
8/21/1962,
8/22/1962,
8/23/1962,
8/24/1962,
8/25/1962,
8/26/1962,
8/27/1962,
8/28/1962,
8/29/1962,
8/30/1962,
6/17/1963,
6/18/1963,
6/19/1963,
6/20/1963,
6/21/1963,
6/22/1963,
6/23/1963,
6/24/1963,
6/25/1963,
6/26/1963,
6/27/1963,
6/28/1963,
6/29/1963,
6/30/1963,
7/1/1963,
7/2/1963,9798
7/3/1963,19266
7/4/1963,1044
7/5/1963,2538
7/6/1963,134832
7/7/1963,58122
7/8/1963,55890
7/9/1963,70098
7/10/1963,129444
7/11/1963,18390
7/12/1963,20628
7/13/1963,116922
7/14/1963,200520
7/15/1963,56364
7/16/1963,34416
7/17/1963,13224
7/18/1963,5778
7/19/1963,510
7/20/1963,186
7/21/1963,654
7/22/1963,246
7/23/1963,1530
7/24/1963,3228
7/25/1963,4362
7/26/1963,3888
7/27/1963,786
7/28/1963,26568
7/29/1963,4440
7/30/1963,3078
7/31/1963,480
8/1/1963,240
8/2/1963,132
8/3/1963,
8/4/1963,
8/5/1963,
8/6/1963,
8/7/1963,
8/8/1963,
8/9/1963,
8/10/1963,
8/11/1963,
8/12/1963,
8/13/1963,
8/14/1963,
8/15/1963,
8/16/1963,
8/17/1963,
8/18/1963,
8/19/1963,
8/20/1963,
8/21/1963,
8/22/1963,
8/23/1963,
8/24/1963,
8/25/1963,
8/26/1963,
8/27/1963,
8/28/1963,
8/29/1963,
8/30/1963,
6/17/1964,
6/18/1964,
6/19/1964,
6/20/1964,
6/21/1964,
6/22/1964,
6/23/1964,
6/24/1964,
6/25/1964,
6/26/1964,
6/27/1964,
6/28/1964,
6/29/1964,
6/30/1964,
7/1/1964,
7/2/1964,204
7/3/1964,2130
7/4/1964,24
7/5/1964,10446
7/6/1964,12582
7/7/1964,23490
7/8/1964,87180
7/9/1964,89814
7/10/1964,38250
7/11/1964,177408
7/12/1964,134940
7/13/1964,135006
7/14/1964,41766
7/15/1964,48318
7/16/1964,32994
7/17/1964,7764
7/18/1964,5760
7/19/1964,1320
7/20/1964,66
7/21/1964,84
7/22/1964,24
7/23/1964,6
7/24/1964,
7/25/1964,
7/26/1964,
7/27/1964,
7/28/1964,
7/29/1964,
7/30/1964,
7/31/1964,
8/1/1964,
8/2/1964,
8/3/1964,
8/4/1964,
8/5/1964,
8/6/1964,
8/7/1964,
8/8/1964,
8/9/1964,
8/10/1964,
8/11/1964,
8/12/1964,
8/13/1964,
8/14/1964,
8/15/1964,
8/16/1964,
8/17/1964,
8/18/1964,
8/19/1964,
8/20/1964,
8/21/1964,
8/22/1964,
8/23/1964,
8/24/1964,
8/25/1964,
8/26/1964,
8/27/1964,
8/28/1964,
8/29/1964,
8/30/1964,
6/17/1965,
6/18/1965,
6/19/1965,
6/20/1965,
6/21/1965,
6/22/1965,
6/23/1965,
6/24/1965,
6/25/1965,
6/26/1965,
6/27/1965,
6/28/1965,
6/29/1965,
6/30/1965,
7/1/1965,66
7/2/1965,8538
7/3/1965,22548
7/4/1965,37968
7/5/1965,35514
7/6/1965,91134
7/7/1965,208248
7/8/1965,232536
7/9/1965,28692
7/10/1965,94806
7/11/1965,146598
7/12/1965,104880
7/13/1965,109086
7/14/1965,49566
7/15/1965,84330
7/16/1965,94290
7/17/1965,38874
7/18/1965,18210
7/19/1965,20706
7/20/1965,7242
7/21/1965,4518
7/22/1965,5340
7/23/1965,732
7/24/1965,186
7/25/1965,
7/26/1965,
7/27/1965,
7/28/1965,
7/29/1965,
7/30/1965,
7/31/1965,
8/1/1965,
8/2/1965,
8/3/1965,
8/4/1965,
8/5/1965,
8/6/1965,
8/7/1965,
8/8/1965,
8/9/1965,
8/10/1965,
8/11/1965,
8/12/1965,
8/13/1965,
8/14/1965,
8/15/1965,
8/16/1965,
8/17/1965,
8/18/1965,
8/19/1965,
8/20/1965,
8/21/1965,
8/22/1965,
8/23/1965,
8/24/1965,
8/25/1965,
8/26/1965,
8/27/1965,
8/28/1965,
8/29/1965,
8/30/1965,
6/17/1966,
6/18/1966,
6/19/1966,
6/20/1966,
6/21/1966,
6/22/1966,
6/23/1966,
6/24/1966,
6/25/1966,6
6/26/1966,0
6/27/1966,0
6/28/1966,0
6/29/1966,12
6/30/1966,0
7/1/1966,270
7/2/1966,9762
7/3/1966,84054
7/4/1966,52248
7/5/1966,72
7/6/1966,0
7/7/1966,3774
7/8/1966,139656
7/9/1966,239382
7/10/1966,126102
7/11/1966,42708
7/12/1966,4206
7/13/1966,51306
7/14/1966,20544
7/15/1966,12264
7/16/1966,8172
7/17/1966,786
7/18/1966,1896
7/19/1966,1152
7/20/1966,2436
7/21/1966,2088
7/22/1966,576
7/23/1966,708
7/24/1966,66
7/25/1966,
7/26/1966,
7/27/1966,
7/28/1966,
7/29/1966,
7/30/1966,
7/31/1966,
8/1/1966,
8/2/1966,
8/3/1966,
8/4/1966,
8/5/1966,
8/6/1966,
8/7/1966,
8/8/1966,
8/9/1966,
8/10/1966,
8/11/1966,
8/12/1966,
8/13/1966,
8/14/1966,
8/15/1966,
8/16/1966,
8/17/1966,
8/18/1966,
8/19/1966,
8/20/1966,
8/21/1966,
8/22/1966,
8/23/1966,
8/24/1966,
8/25/1966,
8/26/1966,
8/27/1966,
8/28/1966,
8/29/1966,
8/30/1966,
6/17/1967,
6/18/1967,
6/19/1967,
6/20/1967,
6/21/1967,
6/22/1967,
6/23/1967,
6/24/1967,18
6/25/1967,3684
6/26/1967,1614
6/27/1967,4044
6/28/1967,7032
6/29/1967,3180
6/30/1967,60
7/1/1967,34890
7/2/1967,92106
7/3/1967,27438
7/4/1967,67680
7/5/1967,56898
7/6/1967,88206
7/7/1967,32226
7/8/1967,15060
7/9/1967,39870
7/10/1967,61752
7/11/1967,35064
7/12/1967,24966
7/13/1967,16212
7/14/1967,7038
7/15/1967,4158
7/16/1967,2448
7/17/1967,462
7/18/1967,2748
7/19/1967,1248
7/20/1967,1776
7/21/1967,3102
7/22/1967,1116
7/23/1967,540
7/24/1967,132
7/25/1967,60
7/26/1967,36
7/27/1967,
7/28/1967,
7/29/1967,
7/30/1967,
7/31/1967,
8/1/1967,
8/2/1967,
8/3/1967,
8/4/1967,
8/5/1967,
8/6/1967,
8/7/1967,
8/8/1967,
8/9/1967,
8/10/1967,
8/11/1967,
8/12/1967,
8/13/1967,
8/14/1967,
8/15/1967,
8/16/1967,
8/17/1967,
8/18/1967,
8/19/1967,
8/20/1967,
8/21/1967,
8/22/1967,
8/23/1967,
8/24/1967,
8/25/1967,
8/26/1967,
8/27/1967,
8/28/1967,
8/29/1967,
8/30/1967,
6/17/1968,
6/18/1968,
6/19/1968,
6/20/1968,
6/21/1968,
6/22/1968,
6/23/1968,48
6/24/1968,72
6/25/1968,324
6/26/1968,60
6/27/1968,8
6/28/1968,1416
6/29/1968,13038
6/30/1968,10680
7/1/1968,17076
7/2/1968,33378
7/3/1968,36846
7/4/1968,34626
7/5/1968,36762
7/6/1968,47886
7/7/1968,12942
7/8/1968,24024
7/9/1968,34482
7/10/1968,7560
7/11/1968,6558
7/12/1968,5436
7/13/1968,4344
7/14/1968,456
7/15/1968,1206
7/16/1968,570
7/17/1968,2340
7/18/1968,582
7/19/1968,2190
7/20/1968,1122
7/21/1968,450
7/22/1968,474
7/23/1968,690
7/24/1968,684
7/25/1968,270
7/26/1968,54
7/27/1968,
7/28/1968,
7/29/1968,
7/30/1968,
7/31/1968,
8/1/1968,
8/2/1968,
8/3/1968,
8/4/1968,
8/5/1968,
8/6/1968,
8/7/1968,
8/8/1968,
8/9/1968,
8/10/1968,
8/11/1968,
8/12/1968,
8/13/1968,
8/14/1968,
8/15/1968,
8/16/1968,
8/17/1968,
8/18/1968,
8/19/1968,
8/20/1968,
8/21/1968,
8/22/1968,
8/23/1968,
8/24/1968,
8/25/1968,
8/26/1968,
8/27/1968,
8/28/1968,
8/29/1968,
8/30/1968,
6/17/1969,
6/18/1969,
6/19/1969,
6/20/1969,
6/21/1969,
6/22/1969,
6/23/1969,
6/24/1969,
6/25/1969,
6/26/1969,
6/27/1969,
6/28/1969,
6/29/1969,
6/30/1969,1212
7/1/1969,276
7/2/1969,11028
7/3/1969,33672
7/4/1969,49650
7/5/1969,29190
7/6/1969,78288
7/7/1969,132060
7/8/1969,166698
7/9/1969,154140
7/10/1969,36648
7/11/1969,51696
7/12/1969,61962
7/13/1969,57528
7/14/1969,73968
7/15/1969,30168
7/16/1969,37698
7/17/1969,8328
7/18/1969,1122
7/19/1969,186
7/20/1969,36
7/21/1969,
7/22/1969,
7/23/1969,
7/24/1969,
7/25/1969,
7/26/1969,
7/27/1969,
7/28/1969,
7/29/1969,
7/30/1969,
7/31/1969,
8/1/1969,
8/2/1969,
8/3/1969,
8/4/1969,
8/5/1969,
8/6/1969,
8/7/1969,
8/8/1969,
8/9/1969,
8/10/1969,
8/11/1969,
8/12/1969,
8/13/1969,
8/14/1969,
8/15/1969,
8/16/1969,
8/17/1969,
8/18/1969,
8/19/1969,
8/20/1969,
8/21/1969,
8/22/1969,
8/23/1969,
8/24/1969,
8/25/1969,
8/26/1969,
8/27/1969,
8/28/1969,
8/29/1969,
8/30/1969,
6/17/1970,
6/18/1970,
6/19/1970,
6/20/1970,
6/21/1970,
6/22/1970,
6/23/1970,
6/24/1970,
6/25/1970,
6/26/1970,
6/27/1970,
6/28/1970,
6/29/1970,
6/30/1970,
7/1/1970,1836
7/2/1970,14004
7/3/1970,15606
7/4/1970,63486
7/5/1970,37482
7/6/1970,25878
7/7/1970,52038
7/8/1970,133614
7/9/1970,66300
7/10/1970,260610
7/11/1970,195174
7/12/1970,10206
7/13/1970,6684
7/14/1970,8310
7/15/1970,4176
7/16/1970,2886
7/17/1970,2622
7/18/1970,3432
7/19/1970,5562
7/20/1970,5208
7/21/1970,1362
7/22/1970,1020
7/23/1970,624
7/24/1970,282
7/25/1970,516
7/26/1970,702
7/27/1970,78
7/28/1970,36
7/29/1970,
7/30/1970,
7/31/1970,
8/1/1970,
8/2/1970,
8/3/1970,
8/4/1970,
8/5/1970,
8/6/1970,
8/7/1970,
8/8/1970,
8/9/1970,
8/10/1970,
8/11/1970,
8/12/1970,
8/13/1970,
8/14/1970,
8/15/1970,
8/16/1970,
8/17/1970,
8/18/1970,
8/19/1970,
8/20/1970,
8/21/1970,
8/22/1970,
8/23/1970,
8/24/1970,
8/25/1970,
8/26/1970,
8/27/1970,
8/28/1970,
8/29/1970,
8/30/1970,
6/17/1971,
6/18/1971,
6/19/1971,
6/20/1971,0
6/21/1971,0
6/22/1971,0
6/23/1971,0
6/24/1971,0
6/25/1971,0
6/26/1971,0
6/27/1971,0
6/28/1971,0
6/29/1971,0
6/30/1971,0
7/1/1971,0
7/2/1971,0
7/3/1971,0
7/4/1971,0
7/5/1971,0
7/6/1971,0
7/7/1971,0
7/8/1971,0
7/9/1971,18
7/10/1971,336
7/11/1971,22968
7/12/1971,53952
7/13/1971,32562
7/14/1971,3432
7/15/1971,2520
7/16/1971,46788
7/17/1971,121962
7/18/1971,55482
7/19/1971,4044
7/20/1971,73842
7/21/1971,23856
7/22/1971,46326
7/23/1971,139362
7/24/1971,5106
7/25/1971,402
7/26/1971,1014
7/27/1971,42
7/28/1971,
7/29/1971,
7/30/1971,
7/31/1971,
8/1/1971,
8/2/1971,
8/3/1971,
8/4/1971,
8/5/1971,
8/6/1971,
8/7/1971,
8/8/1971,
8/9/1971,
8/10/1971,
8/11/1971,
8/12/1971,
8/13/1971,
8/14/1971,
8/15/1971,
8/16/1971,
8/17/1971,
8/18/1971,
8/19/1971,
8/20/1971,
8/21/1971,
8/22/1971,
8/23/1971,
8/24/1971,
8/25/1971,
8/26/1971,
8/27/1971,
8/28/1971,
8/29/1971,
8/30/1971,
6/17/1972,
6/18/1972,
6/19/1972,
6/20/1972,0
6/21/1972,0
6/22/1972,0
6/23/1972,0
6/24/1972,0
6/25/1972,0
6/26/1972,0
6/27/1972,0
6/28/1972,0
6/29/1972,0
6/30/1972,0
7/1/1972,0
7/2/1972,0
7/3/1972,36
7/4/1972,3192
7/5/1972,498
7/6/1972,70212
7/7/1972,124416
7/8/1972,71544
7/9/1972,82380
7/10/1972,92298
7/11/1972,44628
7/12/1972,41256
7/13/1972,4446
7/14/1972,6360
7/15/1972,3522
7/16/1972,1386
7/17/1972,120
7/18/1972,108
7/19/1972,
7/20/1972,
7/21/1972,
7/22/1972,
7/23/1972,
7/24/1972,
7/25/1972,
7/26/1972,
7/27/1972,
7/28/1972,
7/29/1972,
7/30/1972,
7/31/1972,
8/1/1972,
8/2/1972,
8/3/1972,
8/4/1972,
8/5/1972,
8/6/1972,
8/7/1972,
8/8/1972,
8/9/1972,
8/10/1972,
8/11/1972,
8/12/1972,
8/13/1972,
8/14/1972,
8/15/1972,
8/16/1972,
8/17/1972,
8/18/1972,
8/19/1972,
8/20/1972,
8/21/1972,
8/22/1972,
8/23/1972,
8/24/1972,
8/25/1972,
8/26/1972,
8/27/1972,
8/28/1972,
8/29/1972,
8/30/1972,
6/17/1973,
6/18/1973,
6/19/1973,
6/20/1973,0
6/21/1973,0
6/22/1973,0
6/23/1973,0
6/24/1973,0
6/25/1973,0
6/26/1973,0
6/27/1973,0
6/28/1973,3330
6/29/1973,6252
6/30/1973,5616
7/1/1973,15990
7/2/1973,8646
7/3/1973,10944
7/4/1973,9360
7/5/1973,15528
7/6/1973,588
7/7/1973,264
7/8/1973,36
7/9/1973,39924
7/10/1973,28098
7/11/1973,26622
7/12/1973,48996
7/13/1973,28506
7/14/1973,39750
7/15/1973,9552
7/16/1973,9366
7/17/1973,8790
7/18/1973,2082
7/19/1973,378
7/20/1973,240
7/21/1973,4152
7/22/1973,1212
7/23/1973,822
7/24/1973,1266
7/25/1973,2514
7/26/1973,24
7/27/1973,-6
7/28/1973,
7/29/1973,
7/30/1973,
7/31/1973,
8/1/1973,
8/2/1973,
8/3/1973,
8/4/1973,
8/5/1973,
8/6/1973,
8/7/1973,
8/8/1973,
8/9/1973,
8/10/1973,
8/11/1973,
8/12/1973,
8/13/1973,
8/14/1973,
8/15/1973,
8/16/1973,
8/17/1973,
8/18/1973,
8/19/1973,
8/20/1973,
8/21/1973,
8/22/1973,
8/23/1973,
8/24/1973,
8/25/1973,
8/26/1973,
8/27/1973,
8/28/1973,
8/29/1973,
8/30/1973,
6/17/1974,
6/18/1974,
6/19/1974,
6/20/1974,0
6/21/1974,0
6/22/1974,0
6/23/1974,0
6/24/1974,0
6/25/1974,0
6/26/1974,78
6/27/1974,204
6/28/1974,1350
6/29/1974,3396
6/30/1974,8130
7/1/1974,17040
7/2/1974,67950
7/3/1974,151800
7/4/1974,83034
7/5/1974,112956
7/6/1974,112050
7/7/1974,154716
7/8/1974,117348
7/9/1974,49632
7/10/1974,58224
7/11/1974,93894
7/12/1974,67062
7/13/1974,82530
7/14/1974,45450
7/15/1974,18978
7/16/1974,7008
7/17/1974,11604
7/18/1974,3534
7/19/1974,1164
7/20/1974,1014
7/21/1974,684
7/22/1974,564
7/23/1974,996
7/24/1974,348
7/25/1974,438
7/26/1974,726
7/27/1974,1152
7/28/1974,468
7/29/1974,108
7/30/1974,
7/31/1974,
8/1/1974,
8/2/1974,
8/3/1974,
8/4/1974,
8/5/1974,
8/6/1974,
8/7/1974,
8/8/1974,
8/9/1974,
8/10/1974,
8/11/1974,
8/12/1974,
8/13/1974,
8/14/1974,
8/15/1974,
8/16/1974,
8/17/1974,
8/18/1974,
8/19/1974,
8/20/1974,
8/21/1974,
8/22/1974,
8/23/1974,
8/24/1974,
8/25/1974,
8/26/1974,
8/27/1974,
8/28/1974,
8/29/1974,
8/30/1974,
6/17/1975,
6/18/1975,
6/19/1975,
6/20/1975,
6/21/1975,
6/22/1975,
6/23/1975,
6/24/1975,0
6/25/1975,0
6/26/1975,0
6/27/1975,0
6/28/1975,0
6/29/1975,0
6/30/1975,0
7/1/1975,876
7/2/1975,3750
7/3/1975,7482
7/4/1975,44154
7/5/1975,78834
7/6/1975,115596
7/7/1975,21954
7/8/1975,90678
7/9/1975,179226
7/10/1975,225348
7/11/1975,47472
7/12/1975,59028
7/13/1975,119244
7/14/1975,72126
7/15/1975,27300
7/16/1975,34026
7/17/1975,5004
7/18/1975,3450
7/19/1975,10092
7/20/1975,15900
7/21/1975,6036
7/22/1975,4656
7/23/1975,1512
7/24/1975,96
7/25/1975,
7/26/1975,
7/27/1975,
7/28/1975,
7/29/1975,
7/30/1975,
7/31/1975,
8/1/1975,
8/2/1975,
8/3/1975,
8/4/1975,
8/5/1975,
8/6/1975,
8/7/1975,
8/8/1975,
8/9/1975,
8/10/1975,
8/11/1975,
8/12/1975,
8/13/1975,
8/14/1975,
8/15/1975,
8/16/1975,
8/17/1975,
8/18/1975,
8/19/1975,
8/20/1975,
8/21/1975,
8/22/1975,
8/23/1975,
8/24/1975,
8/25/1975,
8/26/1975,
8/27/1975,
8/28/1975,
8/29/1975,
8/30/1975,
6/17/1976,
6/18/1976,
6/19/1976,
6/20/1976,
6/21/1976,
6/22/1976,
6/23/1976,0
6/24/1976,0
6/25/1976,0
6/26/1976,0
6/27/1976,0
6/28/1976,0
6/29/1976,0
6/30/1976,54
7/1/1976,24
7/2/1976,246
7/3/1976,6324
7/4/1976,15126
7/5/1976,5442
7/6/1976,28284
7/7/1976,41946
7/8/1976,36678
7/9/1976,13824
7/10/1976,22782
7/11/1976,14790
7/12/1976,82602
7/13/1976,63084
7/14/1976,34038
7/15/1976,14334
7/16/1976,4842
7/17/1976,2490
7/18/1976,14910
7/19/1976,24708
7/20/1976,61116
7/21/1976,2334
7/22/1976,8862
7/23/1976,4500
7/24/1976,1764
7/25/1976,1842
7/26/1976,1434
7/27/1976,780
7/28/1976,
7/29/1976,
7/30/1976,
7/31/1976,
8/1/1976,
8/2/1976,
8/3/1976,
8/4/1976,
8/5/1976,
8/6/1976,
8/7/1976,
8/8/1976,
8/9/1976,
8/10/1976,
8/11/1976,
8/12/1976,
8/13/1976,
8/14/1976,
8/15/1976,
8/16/1976,
8/17/1976,
8/18/1976,
8/19/1976,
8/20/1976,
8/21/1976,
8/22/1976,
8/23/1976,
8/24/1976,
8/25/1976,
8/26/1976,
8/27/1976,
8/28/1976,
8/29/1976,
8/30/1976,
6/17/1977,
6/18/1977,
6/19/1977,
6/20/1977,
6/21/1977,0
6/22/1977,822
6/23/1977,9594
6/24/1977,4668
6/25/1977,5004
6/26/1977,8958
6/27/1977,15270
6/28/1977,29070
6/29/1977,37698
6/30/1977,61320
7/1/1977,49248
7/2/1977,87726
7/3/1977,77100
7/4/1977,21252
7/5/1977,91314
7/6/1977,97626
7/7/1977,32262
7/8/1977,16998
7/9/1977,12528
7/10/1977,9552
7/11/1977,8652
7/12/1977,2280
7/13/1977,3078
7/14/1977,3696
7/15/1977,3078
7/16/1977,1632
7/17/1977,2088
7/18/1977,
7/19/1977,
7/20/1977,
7/21/1977,
7/22/1977,
7/23/1977,
7/24/1977,
7/25/1977,
7/26/1977,
7/27/1977,
7/28/1977,
7/29/1977,
7/30/1977,
7/31/1977,
8/1/1977,
8/2/1977,
8/3/1977,
8/4/1977,
8/5/1977,
8/6/1977,
8/7/1977,
8/8/1977,
8/9/1977,
8/10/1977,
8/11/1977,
8/12/1977,
8/13/1977,
8/14/1977,
8/15/1977,
8/16/1977,
8/17/1977,
8/18/1977,
8/19/1977,
8/20/1977,
8/21/1977,
8/22/1977,
8/23/1977,
8/24/1977,
8/25/1977,
8/26/1977,
8/27/1977,
8/28/1977,
8/29/1977,
8/30/1977,
6/17/1978,0
6/18/1978,408
6/19/1978,918
6/20/1978,1824
6/21/1978,966
6/22/1978,2718
6/23/1978,1476
6/24/1978,826
6/25/1978,3488
6/26/1978,5748
6/27/1978,5076
6/28/1978,10140
6/29/1978,11952
6/30/1978,47808
7/1/1978,53376
7/2/1978,57234
7/3/1978,13896
7/4/1978,3864
7/5/1978,12432
7/6/1978,54210
7/7/1978,124698
7/8/1978,177960
7/9/1978,183300
7/10/1978,96762
7/11/1978,6810
7/12/1978,2496
7/13/1978,4284
7/14/1978,4632
7/15/1978,3012
7/16/1978,1938
7/17/1978,1446
7/18/1978,
7/19/1978,
7/20/1978,
7/21/1978,
7/22/1978,
7/23/1978,
7/24/1978,
7/25/1978,
7/26/1978,
7/27/1978,
7/28/1978,
7/29/1978,
7/30/1978,
7/31/1978,
8/1/1978,
8/2/1978,
8/3/1978,
8/4/1978,
8/5/1978,
8/6/1978,
8/7/1978,
8/8/1978,
8/9/1978,
8/10/1978,
8/11/1978,
8/12/1978,
8/13/1978,
8/14/1978,
8/15/1978,
8/16/1978,
8/17/1978,
8/18/1978,
8/19/1978,
8/20/1978,
8/21/1978,
8/22/1978,
8/23/1978,
8/24/1978,
8/25/1978,
8/26/1978,
8/27/1978,
8/28/1978,
8/29/1978,
8/30/1978,
6/17/1979,0
6/18/1979,840
6/19/1979,432
6/20/1979,1074
6/21/1979,9828
6/22/1979,5256
6/23/1979,6732
6/24/1979,8784
6/25/1979,2100
6/26/1979,23310
6/27/1979,65802
6/28/1979,65556
6/29/1979,169158
6/30/1979,82296
7/1/1979,70548
7/2/1979,100554
7/3/1979,99828
7/4/1979,64254
7/5/1979,22392
7/6/1979,56178
7/7/1979,25860
7/8/1979,21498
7/9/1979,46914
7/10/1979,29886
7/11/1979,19062
7/12/1979,15114
7/13/1979,6270
7/14/1979,4590
7/15/1979,3270
7/16/1979,3474
7/17/1979,1182
7/18/1979,
7/19/1979,
7/20/1979,
7/21/1979,
7/22/1979,
7/23/1979,
7/24/1979,
7/25/1979,
7/26/1979,
7/27/1979,
7/28/1979,
7/29/1979,
7/30/1979,
7/31/1979,
8/1/1979,
8/2/1979,
8/3/1979,
8/4/1979,
8/5/1979,
8/6/1979,
8/7/1979,
8/8/1979,
8/9/1979,
8/10/1979,
8/11/1979,
8/12/1979,
8/13/1979,
8/14/1979,
8/15/1979,
8/16/1979,
8/17/1979,
8/18/1979,
8/19/1979,
8/20/1979,
8/21/1979,
8/22/1979,
8/23/1979,
8/24/1979,
8/25/1979,
8/26/1979,
8/27/1979,
8/28/1979,
8/29/1979,
8/30/1979,
6/17/1980,
6/18/1980,
6/19/1980,
6/20/1980,0
6/21/1980,0
6/22/1980,0
6/23/1980,0
6/24/1980,0
6/25/1980,0
6/26/1980,0
6/27/1980,0
6/28/1980,0
6/29/1980,0
6/30/1980,12
7/1/1980,0
7/2/1980,0
7/3/1980,1746
7/4/1980,39990
7/5/1980,81960
7/6/1980,25944
7/7/1980,77232
7/8/1980,92046
7/9/1980,36060
7/10/1980,73794
7/11/1980,409482
7/12/1980,10200
7/13/1980,74964
7/14/1980,79050
7/15/1980,16596
7/16/1980,17364
7/17/1980,13152
7/18/1980,5220
7/19/1980,4788
7/20/1980,1320
7/21/1980,
7/22/1980,
7/23/1980,
7/24/1980,
7/25/1980,
7/26/1980,
7/27/1980,
7/28/1980,
7/29/1980,
7/30/1980,
7/31/1980,
8/1/1980,
8/2/1980,
8/3/1980,
8/4/1980,
8/5/1980,
8/6/1980,
8/7/1980,
8/8/1980,
8/9/1980,
8/10/1980,
8/11/1980,
8/12/1980,
8/13/1980,
8/14/1980,
8/15/1980,
8/16/1980,
8/17/1980,
8/18/1980,
8/19/1980,
8/20/1980,
8/21/1980,
8/22/1980,
8/23/1980,
8/24/1980,
8/25/1980,
8/26/1980,
8/27/1980,
8/28/1980,
8/29/1980,
8/30/1980,
6/17/1981,2076
6/18/1981,3828
6/19/1981,1794
6/20/1981,-6
6/21/1981,18
6/22/1981,0
6/23/1981,912
6/24/1981,14166
6/25/1981,28248
6/26/1981,22758
6/27/1981,15642
6/28/1981,14700
6/29/1981,1956
6/30/1981,3174
7/1/1981,4806
7/2/1981,29520
7/3/1981,52536
7/4/1981,70422
7/5/1981,99516
7/6/1981,99630
7/7/1981,102444
7/8/1981,50700
7/9/1981,21810
7/10/1981,24318
7/11/1981,5190
7/12/1981,9534
7/13/1981,6594
7/14/1981,2052
7/15/1981,2994
7/16/1981,432
7/17/1981,1614
7/18/1981,1302
7/19/1981,1794
7/20/1981,-6
7/21/1981,
7/22/1981,
7/23/1981,
7/24/1981,
7/25/1981,
7/26/1981,
7/27/1981,
7/28/1981,
7/29/1981,
7/30/1981,
7/31/1981,
8/1/1981,
8/2/1981,
8/3/1981,
8/4/1981,
8/5/1981,
8/6/1981,
8/7/1981,
8/8/1981,
8/9/1981,
8/10/1981,
8/11/1981,
8/12/1981,
8/13/1981,
8/14/1981,
8/15/1981,
8/16/1981,
8/17/1981,
8/18/1981,
8/19/1981,
8/20/1981,
8/21/1981,
8/22/1981,
8/23/1981,
8/24/1981,
8/25/1981,
8/26/1981,
8/27/1981,
8/28/1981,
8/29/1981,
8/30/1981,
6/17/1982,
6/18/1982,
6/19/1982,
6/20/1982,0
6/21/1982,24
6/22/1982,180
6/23/1982,24
6/24/1982,54
6/25/1982,6
6/26/1982,6
6/27/1982,0
6/28/1982,648
6/29/1982,720
6/30/1982,234
7/1/1982,1920
7/2/1982,20214
7/3/1982,-12
7/4/1982,7206
7/5/1982,39198
7/6/1982,30042
7/7/1982,51516
7/8/1982,99258
7/9/1982,143424
7/10/1982,184158
7/11/1982,151122
7/12/1982,137766
7/13/1982,98736
7/14/1982,49746
7/15/1982,13494
7/16/1982,1128
7/17/1982,1470
7/18/1982,558
7/19/1982,870
7/20/1982,918
7/21/1982,
7/22/1982,
7/23/1982,
7/24/1982,
7/25/1982,
7/26/1982,
7/27/1982,
7/28/1982,
7/29/1982,
7/30/1982,
7/31/1982,
8/1/1982,
8/2/1982,
8/3/1982,
8/4/1982,
8/5/1982,
8/6/1982,
8/7/1982,
8/8/1982,
8/9/1982,
8/10/1982,
8/11/1982,
8/12/1982,
8/13/1982,
8/14/1982,
8/15/1982,
8/16/1982,
8/17/1982,
8/18/1982,
8/19/1982,
8/20/1982,
8/21/1982,
8/22/1982,
8/23/1982,
8/24/1982,
8/25/1982,
8/26/1982,
8/27/1982,
8/28/1982,
8/29/1982,
8/30/1982,
6/17/1983,
6/18/1983,
6/19/1983,
6/20/1983,
6/21/1983,240
6/22/1983,4950
6/23/1983,786
6/24/1983,2352
6/25/1983,7656
6/26/1983,12192
6/27/1983,25512
6/28/1983,63360
6/29/1983,156672
6/30/1983,168462
7/1/1983,77466
7/2/1983,54150
7/3/1983,14250
7/4/1983,12888
7/5/1983,30396
7/6/1983,25818
7/7/1983,26184
7/8/1983,15162
7/9/1983,10332
7/10/1983,5220
7/11/1983,4320
7/12/1983,4986
7/13/1983,3234
7/14/1983,6042
7/15/1983,6582
7/16/1983,2106
7/17/1983,2712
7/18/1983,6918
7/19/1983,13434
7/20/1983,9312
7/21/1983,9300
7/22/1983,4446
7/23/1983,2466
7/24/1983,2376
7/25/1983,
7/26/1983,
7/27/1983,
7/28/1983,
7/29/1983,
7/30/1983,
7/31/1983,
8/1/1983,
8/2/1983,
8/3/1983,
8/4/1983,
8/5/1983,
8/6/1983,
8/7/1983,
8/8/1983,
8/9/1983,
8/10/1983,
8/11/1983,
8/12/1983,
8/13/1983,
8/14/1983,
8/15/1983,
8/16/1983,
8/17/1983,
8/18/1983,
8/19/1983,
8/20/1983,
8/21/1983,
8/22/1983,
8/23/1983,
8/24/1983,
8/25/1983,
8/26/1983,
8/27/1983,
8/28/1983,
8/29/1983,
8/30/1983,
6/17/1984,0
6/18/1984,0
6/19/1984,2814
6/20/1984,4260
6/21/1984,10482
6/22/1984,2340
6/23/1984,5838
6/24/1984,936
6/25/1984,3054
6/26/1984,4782
6/27/1984,19530
6/28/1984,30186
6/29/1984,37554
6/30/1984,46644
7/1/1984,66204
7/2/1984,85866
7/3/1984,68694
7/4/1984,39642
7/5/1984,41988
7/6/1984,43032
7/7/1984,54606
7/8/1984,88530
7/9/1984,132762
7/10/1984,113250
7/11/1984,115536
7/12/1984,99180
7/13/1984,21336
7/14/1984,6072
7/15/1984,5910
7/16/1984,4098
7/17/1984,4548
7/18/1984,4224
7/19/1984,1056
7/20/1984,366
7/21/1984,
7/22/1984,
7/23/1984,
7/24/1984,
7/25/1984,
7/26/1984,
7/27/1984,
7/28/1984,
7/29/1984,
7/30/1984,
7/31/1984,
8/1/1984,
8/2/1984,
8/3/1984,
8/4/1984,
8/5/1984,
8/6/1984,
8/7/1984,
8/8/1984,
8/9/1984,
8/10/1984,
8/11/1984,
8/12/1984,
8/13/1984,
8/14/1984,
8/15/1984,
8/16/1984,
8/17/1984,
8/18/1984,
8/19/1984,
8/20/1984,
8/21/1984,
8/22/1984,
8/23/1984,
8/24/1984,
8/25/1984,
8/26/1984,
8/27/1984,
8/28/1984,
8/29/1984,
8/30/1984,
6/17/1985,
6/18/1985,
6/19/1985,
6/20/1985,
6/21/1985,0
6/22/1985,2388
6/23/1985,2532
6/24/1985,678
6/25/1985,726
6/26/1985,1524
6/27/1985,8562
6/28/1985,43848
6/29/1985,52008
6/30/1985,75240
7/1/1985,68814
7/2/1985,21222
7/3/1985,109080
7/4/1985,132306
7/5/1985,96036
7/6/1985,154548
7/7/1985,48036
7/8/1985,31260
7/9/1985,22800
7/10/1985,45684
7/11/1985,39234
7/12/1985,63138
7/13/1985,32598
7/14/1985,29328
7/15/1985,5874
7/16/1985,2442
7/17/1985,1200
7/18/1985,1404
7/19/1985,1836
7/20/1985,858
7/21/1985,
7/22/1985,
7/23/1985,
7/24/1985,
7/25/1985,
7/26/1985,
7/27/1985,
7/28/1985,
7/29/1985,
7/30/1985,
7/31/1985,
8/1/1985,
8/2/1985,
8/3/1985,
8/4/1985,
8/5/1985,
8/6/1985,
8/7/1985,
8/8/1985,
8/9/1985,
8/10/1985,
8/11/1985,
8/12/1985,
8/13/1985,
8/14/1985,
8/15/1985,
8/16/1985,
8/17/1985,
8/18/1985,
8/19/1985,
8/20/1985,
8/21/1985,
8/22/1985,
8/23/1985,
8/24/1985,
8/25/1985,
8/26/1985,
8/27/1985,
8/28/1985,
8/29/1985,
8/30/1985,
6/17/1986,
6/18/1986,
6/19/1986,
6/20/1986,
6/21/1986,
6/22/1986,
6/23/1986,348
6/24/1986,1494
6/25/1986,4860
6/26/1986,642
6/27/1986,9774
6/28/1986,9426
6/29/1986,9708
6/30/1986,6252
7/1/1986,24186
7/2/1986,27378
7/3/1986,117360
7/4/1986,56982
7/5/1986,138948
7/6/1986,156888
7/7/1986,74052
7/8/1986,31812
7/9/1986,26586
7/10/1986,29496
7/11/1986,46860
7/12/1986,56814
7/13/1986,68490
7/14/1986,73428
7/15/1986,10062
7/16/1986,534
7/17/1986,10592
7/18/1986,10592
7/19/1986,10592
7/20/1986,10592
7/21/1986,10592
7/22/1986,10592
7/23/1986,10592
7/24/1986,10592
7/25/1986,10592
7/26/1986,10592
7/27/1986,10592
7/28/1986,10592
7/29/1986,10592
7/30/1986,10592
7/31/1986,10594
8/1/1986,
8/2/1986,
8/3/1986,
8/4/1986,
8/5/1986,
8/6/1986,
8/7/1986,
8/8/1986,
8/9/1986,
8/10/1986,
8/11/1986,
8/12/1986,
8/13/1986,
8/14/1986,
8/15/1986,
8/16/1986,
8/17/1986,
8/18/1986,
8/19/1986,
8/20/1986,
8/21/1986,
8/22/1986,
8/23/1986,
8/24/1986,
8/25/1986,
8/26/1986,
8/27/1986,
8/28/1986,
8/29/1986,
8/30/1986,
6/17/1987,
6/18/1987,
6/19/1987,
6/20/1987,
6/21/1987,0
6/22/1987,0
6/23/1987,174
6/24/1987,18786
6/25/1987,5622
6/26/1987,60750
6/27/1987,110226
6/28/1987,51132
6/29/1987,53718
6/30/1987,28188
7/1/1987,83100
7/2/1987,18702
7/3/1987,52986
7/4/1987,37236
7/5/1987,51618
7/6/1987,67446
7/7/1987,80304
7/8/1987,124248
7/9/1987,122718
7/10/1987,64302
7/11/1987,34734
7/12/1987,10626
7/13/1987,10842
7/14/1987,19932
7/15/1987,21930
7/16/1987,33144
7/17/1987,47244
7/18/1987,7134
7/19/1987,20946
7/20/1987,9642
7/21/1987,16938
7/22/1987,6672
7/23/1987,2154
7/24/1987,-216
7/25/1987,
7/26/1987,
7/27/1987,
7/28/1987,
7/29/1987,
7/30/1987,
7/31/1987,
8/1/1987,
8/2/1987,
8/3/1987,
8/4/1987,
8/5/1987,
8/6/1987,
8/7/1987,
8/8/1987,
8/9/1987,
8/10/1987,
8/11/1987,
8/12/1987,
8/13/1987,
8/14/1987,
8/15/1987,
8/16/1987,
8/17/1987,
8/18/1987,
8/19/1987,
8/20/1987,
8/21/1987,
8/22/1987,
8/23/1987,
8/24/1987,
8/25/1987,
8/26/1987,
8/27/1987,
8/28/1987,
8/29/1987,
8/30/1987,
6/17/1988,
6/18/1988,
6/19/1988,
6/20/1988,
6/21/1988,
6/22/1988,2508
6/23/1988,3384
6/24/1988,3012
6/25/1988,2256
6/26/1988,6912
6/27/1988,17100
6/28/1988,96108
6/29/1988,111444
6/30/1988,66288
7/1/1988,39348
7/2/1988,58164
7/3/1988,109584
7/4/1988,126168
7/5/1988,158940
7/6/1988,135216
7/7/1988,81666
7/8/1988,115896
7/9/1988,64506
7/10/1988,78918
7/11/1988,104148
7/12/1988,42048
7/13/1988,53796
7/14/1988,79578
7/15/1988,9804
7/16/1988,5466
7/17/1988,8328
7/18/1988,10938
7/19/1988,4662
7/20/1988,1986
7/21/1988,924
7/22/1988,
7/23/1988,
7/24/1988,
7/25/1988,
7/26/1988,
7/27/1988,
7/28/1988,
7/29/1988,
7/30/1988,
7/31/1988,
8/1/1988,
8/2/1988,
8/3/1988,
8/4/1988,
8/5/1988,
8/6/1988,
8/7/1988,
8/8/1988,
8/9/1988,
8/10/1988,
8/11/1988,
8/12/1988,
8/13/1988,
8/14/1988,
8/15/1988,
8/16/1988,
8/17/1988,
8/18/1988,
8/19/1988,
8/20/1988,
8/21/1988,
8/22/1988,
8/23/1988,
8/24/1988,
8/25/1988,
8/26/1988,
8/27/1988,
8/28/1988,
8/29/1988,
8/30/1988,
6/17/1989,
6/18/1989,
6/19/1989,
6/20/1989,0
6/21/1989,13914
6/22/1989,41844
6/23/1989,34860
6/24/1989,5754
6/25/1989,11838
6/26/1989,17034
6/27/1989,7152
6/28/1989,23352
6/29/1989,14040
6/30/1989,58980
7/1/1989,58740
7/2/1989,70632
7/3/1989,222378
7/4/1989,185328
7/5/1989,217002
7/6/1989,269502
7/7/1989,139800
7/8/1989,115404
7/9/1989,36774
7/10/1989,6972
7/11/1989,8304
7/12/1989,7062
7/13/1989,13158
7/14/1989,5316
7/15/1989,5094
7/16/1989,9936
7/17/1989,1974
7/18/1989,2286
7/19/1989,2874
7/20/1989,2034
7/21/1989,1578
7/22/1989,
7/23/1989,
7/24/1989,
7/25/1989,
7/26/1989,
7/27/1989,
7/28/1989,
7/29/1989,
7/30/1989,
7/31/1989,
8/1/1989,
8/2/1989,
8/3/1989,
8/4/1989,
8/5/1989,
8/6/1989,
8/7/1989,
8/8/1989,
8/9/1989,
8/10/1989,
8/11/1989,
8/12/1989,
8/13/1989,
8/14/1989,
8/15/1989,
8/16/1989,
8/17/1989,
8/18/1989,
8/19/1989,
8/20/1989,
8/21/1989,
8/22/1989,
8/23/1989,
8/24/1989,
8/25/1989,
8/26/1989,
8/27/1989,
8/28/1989,
8/29/1989,
8/30/1989,
6/17/1990,
6/18/1990,
6/19/1990,
6/20/1990,
6/21/1990,60
6/22/1990,24
6/23/1990,0
6/24/1990,642
6/25/1990,1194
6/26/1990,1218
6/27/1990,720
6/28/1990,5142
6/29/1990,14832
6/30/1990,27126
7/1/1990,41208
7/2/1990,261582
7/3/1990,334050
7/4/1990,349668
7/5/1990,138978
7/6/1990,137634
7/7/1990,73416
7/8/1990,51636
7/9/1990,28644
7/10/1990,68520
7/11/1990,58986
7/12/1990,142782
7/13/1990,119226
7/14/1990,76122
7/15/1990,52758
7/16/1990,118032
7/17/1990,23718
7/18/1990,13254
7/19/1990,13890
7/20/1990,15612
7/21/1990,5874
7/22/1990,5034
7/23/1990,4056
7/24/1990,3852
7/25/1990,1872
7/26/1990,
7/27/1990,
7/28/1990,
7/29/1990,
7/30/1990,
7/31/1990,
8/1/1990,
8/2/1990,
8/3/1990,
8/4/1990,
8/5/1990,
8/6/1990,
8/7/1990,
8/8/1990,
8/9/1990,
8/10/1990,
8/11/1990,
8/12/1990,
8/13/1990,
8/14/1990,
8/15/1990,
8/16/1990,
8/17/1990,
8/18/1990,
8/19/1990,
8/20/1990,
8/21/1990,
8/22/1990,
8/23/1990,
8/24/1990,
8/25/1990,
8/26/1990,
8/27/1990,
8/28/1990,
8/29/1990,
8/30/1990,
6/17/1991,
6/18/1991,
6/19/1991,
6/20/1991,
6/21/1991,
6/22/1991,
6/23/1991,2142
6/24/1991,7452
6/25/1991,1728
6/26/1991,24210
6/27/1991,10974
6/28/1991,16866
6/29/1991,23352
6/30/1991,47358
7/1/1991,115764
7/2/1991,156450
7/3/1991,300438
7/4/1991,305238
7/5/1991,326586
7/6/1991,345588
7/7/1991,343284
7/8/1991,142194
7/9/1991,68844
7/10/1991,37368
7/11/1991,45756
7/12/1991,85896
7/13/1991,54942
7/14/1991,151068
7/15/1991,96612
7/16/1991,12366
7/17/1991,8688
7/18/1991,10326
7/19/1991,11118
7/20/1991,11358
7/21/1991,10488
7/22/1991,12426
7/23/1991,
7/24/1991,
7/25/1991,
7/26/1991,
7/27/1991,
7/28/1991,
7/29/1991,
7/30/1991,
7/31/1991,
8/1/1991,
8/2/1991,
8/3/1991,
8/4/1991,
8/5/1991,
8/6/1991,
8/7/1991,
8/8/1991,
8/9/1991,
8/10/1991,
8/11/1991,
8/12/1991,
8/13/1991,
8/14/1991,
8/15/1991,
8/16/1991,
8/17/1991,
8/18/1991,
8/19/1991,
8/20/1991,
8/21/1991,
8/22/1991,
8/23/1991,
8/24/1991,
8/25/1991,
8/26/1991,
8/27/1991,
8/28/1991,
8/29/1991,
8/30/1991,
6/17/1992,
6/18/1992,
6/19/1992,
6/20/1992,1656
6/21/1992,9864
6/22/1992,3204
6/23/1992,14304
6/24/1992,15060
6/25/1992,22032
6/26/1992,41142
6/27/1992,118674
6/28/1992,96294
6/29/1992,130620
6/30/1992,129990
7/1/1992,144366
7/2/1992,45798
7/3/1992,7692
7/4/1992,11232
7/5/1992,53580
7/6/1992,84240
7/7/1992,114972
7/8/1992,89574
7/9/1992,109764
7/10/1992,155604
7/11/1992,146322
7/12/1992,141642
7/13/1992,83292
7/14/1992,24624
7/15/1992,19812
7/16/1992,23220
7/17/1992,30378
7/18/1992,18198
7/19/1992,24936
7/20/1992,24384
7/21/1992,8862
7/22/1992,
7/23/1992,
7/24/1992,
7/25/1992,
7/26/1992,
7/27/1992,
7/28/1992,
7/29/1992,
7/30/1992,
7/31/1992,
8/1/1992,
8/2/1992,
8/3/1992,
8/4/1992,
8/5/1992,
8/6/1992,
8/7/1992,
8/8/1992,
8/9/1992,
8/10/1992,
8/11/1992,
8/12/1992,
8/13/1992,
8/14/1992,
8/15/1992,
8/16/1992,
8/17/1992,
8/18/1992,
8/19/1992,
8/20/1992,
8/21/1992,
8/22/1992,
8/23/1992,
8/24/1992,
8/25/1992,
8/26/1992,
8/27/1992,
8/28/1992,
8/29/1992,
8/30/1992,
6/17/1993,
6/18/1993,
6/19/1993,888
6/20/1993,20454
6/21/1993,130842
6/22/1993,144438
6/23/1993,156192
6/24/1993,98718
6/25/1993,69252
6/26/1993,110514
6/27/1993,45246
6/28/1993,19668
6/29/1993,7032
6/30/1993,8292
7/1/1993,27048
7/2/1993,48972
7/3/1993,19884
7/4/1993,24576
7/5/1993,70542
7/6/1993,103170
7/7/1993,61692
7/8/1993,48240
7/9/1993,37824
7/10/1993,30738
7/11/1993,61938
7/12/1993,42132
7/13/1993,44220
7/14/1993,23886
7/15/1993,10428
7/16/1993,9060
7/17/1993,7086
7/18/1993,10338
7/19/1993,8172
7/20/1993,9936
7/21/1993,3636
7/22/1993,1926
7/23/1993,
7/24/1993,
7/25/1993,
7/26/1993,
7/27/1993,
7/28/1993,
7/29/1993,
7/30/1993,
7/31/1993,
8/1/1993,
8/2/1993,
8/3/1993,
8/4/1993,
8/5/1993,
8/6/1993,
8/7/1993,
8/8/1993,
8/9/1993,
8/10/1993,
8/11/1993,
8/12/1993,
8/13/1993,
8/14/1993,
8/15/1993,
8/16/1993,
8/17/1993,
8/18/1993,
8/19/1993,
8/20/1993,
8/21/1993,
8/22/1993,
8/23/1993,
8/24/1993,
8/25/1993,
8/26/1993,
8/27/1993,
8/28/1993,
8/29/1993,
8/30/1993,
6/17/1994,
6/18/1994,
6/19/1994,
6/20/1994,0
6/21/1994,0
6/22/1994,816
6/23/1994,264
6/24/1994,4938
6/25/1994,32052
6/26/1994,71178
6/27/1994,17364
6/28/1994,10890
6/29/1994,5712
6/30/1994,35088
7/1/1994,31410
7/2/1994,4578
7/3/1994,29520
7/4/1994,221826
7/5/1994,184764
7/6/1994,178818
7/7/1994,180138
7/8/1994,151176
7/9/1994,176892
7/10/1994,79404
7/11/1994,106392
7/12/1994,100008
7/13/1994,42348
7/14/1994,43422
7/15/1994,50148
7/16/1994,23088
7/17/1994,21774
7/18/1994,45642
7/19/1994,21366
7/20/1994,11622
7/21/1994,15294
7/22/1994,
7/23/1994,
7/24/1994,
7/25/1994,
7/26/1994,
7/27/1994,
7/28/1994,
7/29/1994,
7/30/1994,
7/31/1994,
8/1/1994,
8/2/1994,
8/3/1994,
8/4/1994,
8/5/1994,
8/6/1994,
8/7/1994,
8/8/1994,
8/9/1994,
8/10/1994,
8/11/1994,
8/12/1994,
8/13/1994,
8/14/1994,
8/15/1994,
8/16/1994,
8/17/1994,
8/18/1994,
8/19/1994,
8/20/1994,
8/21/1994,
8/22/1994,
8/23/1994,
8/24/1994,
8/25/1994,
8/26/1994,
8/27/1994,
8/28/1994,
8/29/1994,
8/30/1994,
6/17/1995,
6/18/1995,
6/19/1995,456
6/20/1995,4686
6/21/1995,15516
6/22/1995,2052
6/23/1995,78
6/24/1995,3600
6/25/1995,28476
6/26/1995,81684
6/27/1995,88326
6/28/1995,188766
6/29/1995,115818
6/30/1995,122076
7/1/1995,79986
7/2/1995,6894
7/3/1995,18528
7/4/1995,78906
7/5/1995,56136
7/6/1995,41226
7/7/1995,2976
7/8/1995,65376
7/9/1995,61818
7/10/1995,5220
7/11/1995,23634
7/12/1995,21480
7/13/1995,14844
7/14/1995,11166
7/15/1995,4362
7/16/1995,8904
7/17/1995,10872
7/18/1995,5850
7/19/1995,7374
7/20/1995,6498
7/21/1995,4290
7/22/1995,32268
7/23/1995,24972
7/24/1995,14784
7/25/1995,5964
7/26/1995,1104
7/27/1995,1308
7/28/1995,546
7/29/1995,1032
7/30/1995,1218
7/31/1995,3720
8/1/1995,1140
8/2/1995,660
8/3/1995,672
8/4/1995,342
8/5/1995,300
8/6/1995,126
8/7/1995,726
8/8/1995,234
8/9/1995,300
8/10/1995,96
8/11/1995,408
8/12/1995,354
8/13/1995,162
8/14/1995,414
8/15/1995,138
8/16/1995,18
8/17/1995,42
8/18/1995,198
8/19/1995,36
8/20/1995,66
8/21/1995,66
8/22/1995,54
8/23/1995,54
8/24/1995,36
8/25/1995,42
8/26/1995,78
8/27/1995,54
8/28/1995,18
8/29/1995,18
8/30/1995,36
6/17/1996,
6/18/1996,
6/19/1996,11220
6/20/1996,10650
6/21/1996,90
6/22/1996,1260
6/23/1996,21174
6/24/1996,27378
6/25/1996,24468
6/26/1996,2298
6/27/1996,888
6/28/1996,37176
6/29/1996,35868
6/30/1996,34434
7/1/1996,36222
7/2/1996,46038
7/3/1996,60714
7/4/1996,31116
7/5/1996,17202
7/6/1996,8604
7/7/1996,34686
7/8/1996,51342
7/9/1996,62250
7/10/1996,234648
7/11/1996,226074
7/12/1996,20688
7/13/1996,2370
7/14/1996,3270
7/15/1996,9564
7/16/1996,17790
7/17/1996,6114
7/18/1996,
7/19/1996,
7/20/1996,
7/21/1996,
7/22/1996,
7/23/1996,
7/24/1996,
7/25/1996,
7/26/1996,
7/27/1996,
7/28/1996,
7/29/1996,
7/30/1996,
7/31/1996,
8/1/1996,
8/2/1996,
8/3/1996,
8/4/1996,
8/5/1996,
8/6/1996,
8/7/1996,
8/8/1996,
8/9/1996,
8/10/1996,
8/11/1996,
8/12/1996,
8/13/1996,
8/14/1996,
8/15/1996,
8/16/1996,
8/17/1996,
8/18/1996,
8/19/1996,
8/20/1996,
8/21/1996,
8/22/1996,
8/23/1996,
8/24/1996,
8/25/1996,
8/26/1996,
8/27/1996,
8/28/1996,
8/29/1996,
8/30/1996,
6/17/1997,
6/18/1997,
6/19/1997,14610
6/20/1997,26100
6/21/1997,13566
6/22/1997,34830
6/23/1997,10572
6/24/1997,6258
6/25/1997,6324
6/26/1997,7410
6/27/1997,25164
6/28/1997,42636
6/29/1997,44034
6/30/1997,34566
7/1/1997,16296
7/2/1997,6618
7/3/1997,13614
7/4/1997,7956
7/5/1997,9252
7/6/1997,18252
7/7/1997,170664
7/8/1997,127806
7/9/1997,39228
7/10/1997,12252
7/11/1997,176196
7/12/1997,81300
7/13/1997,68130
7/14/1997,37842
7/15/1997,42498
7/16/1997,6168
7/17/1997,3822
7/18/1997,
7/19/1997,
7/20/1997,
7/21/1997,
7/22/1997,
7/23/1997,
7/24/1997,
7/25/1997,
7/26/1997,
7/27/1997,
7/28/1997,
7/29/1997,
7/30/1997,
7/31/1997,
8/1/1997,
8/2/1997,
8/3/1997,
8/4/1997,
8/5/1997,
8/6/1997,
8/7/1997,
8/8/1997,
8/9/1997,
8/10/1997,
8/11/1997,
8/12/1997,
8/13/1997,
8/14/1997,
8/15/1997,
8/16/1997,
8/17/1997,
8/18/1997,
8/19/1997,
8/20/1997,
8/21/1997,
8/22/1997,
8/23/1997,
8/24/1997,
8/25/1997,
8/26/1997,
8/27/1997,
8/28/1997,
8/29/1997,
8/30/1997,
6/17/1998,
6/18/1998,24
6/19/1998,24
6/20/1998,2016
6/21/1998,1548
6/22/1998,1134
6/23/1998,15060
6/24/1998,21198
6/25/1998,27474
6/26/1998,21948
6/27/1998,32394
6/28/1998,25458
6/29/1998,50028
6/30/1998,46242
7/1/1998,95676
7/2/1998,85278
7/3/1998,13620
7/4/1998,50436
7/5/1998,14850
7/6/1998,71016
7/7/1998,101868
7/8/1998,36276
7/9/1998,17262
7/10/1998,45102
7/11/1998,59094
7/12/1998,24276
7/13/1998,29766
7/14/1998,63780
7/15/1998,65088
7/16/1998,14370
7/17/1998,20058
7/18/1998,37302
7/19/1998,12570
7/20/1998,8478
7/21/1998,
7/22/1998,
7/23/1998,
7/24/1998,
7/25/1998,
7/26/1998,
7/27/1998,
7/28/1998,
7/29/1998,
7/30/1998,
7/31/1998,
8/1/1998,
8/2/1998,
8/3/1998,
8/4/1998,
8/5/1998,
8/6/1998,
8/7/1998,
8/8/1998,
8/9/1998,
8/10/1998,
8/11/1998,
8/12/1998,
8/13/1998,
8/14/1998,
8/15/1998,
8/16/1998,
8/17/1998,
8/18/1998,
8/19/1998,
8/20/1998,
8/21/1998,
8/22/1998,
8/23/1998,
8/24/1998,
8/25/1998,
8/26/1998,
8/27/1998,
8/28/1998,
8/29/1998,
8/30/1998,
6/17/1999,
6/18/1999,
6/19/1999,0
6/20/1999,0
6/21/1999,24
6/22/1999,24
6/23/1999,66
6/24/1999,30
6/25/1999,18
6/26/1999,78
6/27/1999,450
6/28/1999,60
6/29/1999,2970
6/30/1999,5598
7/1/1999,56400
7/2/1999,61002
7/3/1999,211962
7/4/1999,98436
7/5/1999,99642
7/6/1999,173484
7/7/1999,262872
7/8/1999,163278
7/9/1999,194010
7/10/1999,141978
7/11/1999,90372
7/12/1999,85824
7/13/1999,23178
7/14/1999,16860
7/15/1999,19572
7/16/1999,7812
7/17/1999,11772
7/18/1999,
7/19/1999,
7/20/1999,
7/21/1999,
7/22/1999,
7/23/1999,
7/24/1999,
7/25/1999,
7/26/1999,
7/27/1999,
7/28/1999,
7/29/1999,
7/30/1999,
7/31/1999,
8/1/1999,
8/2/1999,
8/3/1999,
8/4/1999,
8/5/1999,
8/6/1999,
8/7/1999,
8/8/1999,
8/9/1999,
8/10/1999,
8/11/1999,
8/12/1999,
8/13/1999,
8/14/1999,
8/15/1999,
8/16/1999,
8/17/1999,
8/18/1999,
8/19/1999,
8/20/1999,
8/21/1999,
8/22/1999,
8/23/1999,
8/24/1999,
8/25/1999,
8/26/1999,
8/27/1999,
8/28/1999,
8/29/1999,
8/30/1999,
6/17/2000,
6/18/2000,
6/19/2000,6234
6/20/2000,6096
6/21/2000,9018
6/22/2000,7428
6/23/2000,13974
6/24/2000,48984
6/25/2000,94056
6/26/2000,159468
6/27/2000,201906
6/28/2000,45234
6/29/2000,18210
6/30/2000,7758
7/1/2000,23580
7/2/2000,9660
7/3/2000,23940
7/4/2000,21894
7/5/2000,65730
7/6/2000,16638
7/7/2000,6360
7/8/2000,5832
7/9/2000,3906
7/10/2000,10080
7/11/2000,49020
7/12/2000,62124
7/13/2000,44952
7/14/2000,49224
7/15/2000,13494
7/16/2000,3210
7/17/2000,4128
7/18/2000,
7/19/2000,
7/20/2000,
7/21/2000,
7/22/2000,
7/23/2000,
7/24/2000,
7/25/2000,
7/26/2000,
7/27/2000,
7/28/2000,
7/29/2000,
7/30/2000,
7/31/2000,
8/1/2000,
8/2/2000,
8/3/2000,
8/4/2000,
8/5/2000,
8/6/2000,
8/7/2000,
8/8/2000,
8/9/2000,
8/10/2000,
8/11/2000,
8/12/2000,
8/13/2000,
8/14/2000,
8/15/2000,
8/16/2000,
8/17/2000,
8/18/2000,
8/19/2000,
8/20/2000,
8/21/2000,
8/22/2000,
8/23/2000,
8/24/2000,
8/25/2000,
8/26/2000,
8/27/2000,
8/28/2000,
8/29/2000,
8/30/2000,
6/17/2001,
6/18/2001,16788
6/19/2001,10044
6/20/2001,10662
6/21/2001,11328
6/22/2001,76362
6/23/2001,51804
6/24/2001,36162
6/25/2001,18906
6/26/2001,42966
6/27/2001,45876
6/28/2001,93738
6/29/2001,50652
6/30/2001,36690
7/1/2001,17148
7/2/2001,13818
7/3/2001,11334
7/4/2001,9420
7/5/2001,66846
7/6/2001,96462
7/7/2001,111828
7/8/2001,63690
7/9/2001,39798
7/10/2001,10452
7/11/2001,3450
7/12/2001,654
7/13/2001,8358
7/14/2001,4362
7/15/2001,5724
7/16/2001,3540
7/17/2001,
7/18/2001,
7/19/2001,
7/20/2001,
7/21/2001,
7/22/2001,
7/23/2001,
7/24/2001,
7/25/2001,
7/26/2001,
7/27/2001,
7/28/2001,
7/29/2001,
7/30/2001,
7/31/2001,
8/1/2001,
8/2/2001,
8/3/2001,
8/4/2001,
8/5/2001,
8/6/2001,
8/7/2001,
8/8/2001,
8/9/2001,
8/10/2001,
8/11/2001,
8/12/2001,
8/13/2001,
8/14/2001,
8/15/2001,
8/16/2001,
8/17/2001,
8/18/2001,
8/19/2001,
8/20/2001,
8/21/2001,
8/22/2001,
8/23/2001,
8/24/2001,
8/25/2001,
8/26/2001,
8/27/2001,
8/28/2001,
8/29/2001,
8/30/2001,
6/17/2002,
6/18/2002,8964
6/19/2002,4464
6/20/2002,23076
6/21/2002,22464
6/22/2002,15198
6/23/2002,5034
6/24/2002,26742
6/25/2002,97776
6/26/2002,134112
6/27/2002,104304
6/28/2002,35664
6/29/2002,32274
6/30/2002,37704
7/1/2002,17142
7/2/2002,46686
7/3/2002,83286
7/4/2002,66132
7/5/2002,10422
7/6/2002,26892
7/7/2002,27528
7/8/2002,44352
7/9/2002,48060
7/10/2002,33642
7/11/2002,20460
7/12/2002,4548
7/13/2002,5388
7/14/2002,10992
7/15/2002,28914
7/16/2002,13860
7/17/2002,
7/18/2002,
7/19/2002,
7/20/2002,
7/21/2002,
7/22/2002,
7/23/2002,
7/24/2002,
7/25/2002,
7/26/2002,
7/27/2002,
7/28/2002,
7/29/2002,
7/30/2002,
7/31/2002,
8/1/2002,
8/2/2002,
8/3/2002,
8/4/2002,
8/5/2002,
8/6/2002,
8/7/2002,
8/8/2002,
8/9/2002,
8/10/2002,
8/11/2002,
8/12/2002,
8/13/2002,
8/14/2002,
8/15/2002,
8/16/2002,
8/17/2002,
8/18/2002,
8/19/2002,
8/20/2002,
8/21/2002,
8/22/2002,
8/23/2002,
8/24/2002,
8/25/2002,
8/26/2002,
8/27/2002,
8/28/2002,
8/29/2002,
8/30/2002,
6/17/2003,
6/18/2003,186
6/19/2003,10416
6/20/2003,19590
6/21/2003,8544
6/22/2003,17826
6/23/2003,7962
6/24/2003,11934
6/25/2003,15414
6/26/2003,46494
6/27/2003,54462
6/28/2003,70782
6/29/2003,62124
6/30/2003,28140
7/1/2003,111414
7/2/2003,115446
7/3/2003,146868
7/4/2003,166296
7/5/2003,140034
7/6/2003,25980
7/7/2003,27042
7/8/2003,19602
7/9/2003,7722
7/10/2003,19680
7/11/2003,7242
7/12/2003,3474
7/13/2003,3294
7/14/2003,2700
7/15/2003,1962
7/16/2003,
7/17/2003,
7/18/2003,
7/19/2003,
7/20/2003,
7/21/2003,
7/22/2003,
7/23/2003,
7/24/2003,
7/25/2003,
7/26/2003,
7/27/2003,
7/28/2003,
7/29/2003,
7/30/2003,
7/31/2003,
8/1/2003,
8/2/2003,
8/3/2003,
8/4/2003,
8/5/2003,
8/6/2003,
8/7/2003,
8/8/2003,
8/9/2003,
8/10/2003,
8/11/2003,
8/12/2003,
8/13/2003,
8/14/2003,
8/15/2003,
8/16/2003,
8/17/2003,
8/18/2003,
8/19/2003,
8/20/2003,
8/21/2003,
8/22/2003,
8/23/2003,
8/24/2003,
8/25/2003,
8/26/2003,
8/27/2003,
8/28/2003,
8/29/2003,
8/30/2003,
6/17/2004,14718
6/18/2004,16728
6/19/2004,9132
6/20/2004,28968
6/21/2004,55188
6/22/2004,15600
6/23/2004,3150
6/24/2004,3084
6/25/2004,1962
6/26/2004,30156
6/27/2004,146256
6/28/2004,200346
6/29/2004,119562
6/30/2004,34458
7/1/2004,17784
7/2/2004,7710
7/3/2004,3270
7/4/2004,9798
7/5/2004,10560
7/6/2004,93960
7/7/2004,88296
7/8/2004,134364
7/9/2004,139614
7/10/2004,32130
7/11/2004,11730
7/12/2004,46578
7/13/2004,5856
7/14/2004,4104
7/15/2004,5082
7/16/2004,
7/17/2004,
7/18/2004,
7/19/2004,
7/20/2004,
7/21/2004,
7/22/2004,
7/23/2004,
7/24/2004,
7/25/2004,
7/26/2004,
7/27/2004,
7/28/2004,
7/29/2004,
7/30/2004,
7/31/2004,
8/1/2004,
8/2/2004,
8/3/2004,
8/4/2004,
8/5/2004,
8/6/2004,
8/7/2004,
8/8/2004,
8/9/2004,
8/10/2004,
8/11/2004,
8/12/2004,
8/13/2004,
8/14/2004,
8/15/2004,
8/16/2004,
8/17/2004,
8/18/2004,
8/19/2004,
8/20/2004,
8/21/2004,
8/22/2004,
8/23/2004,
8/24/2004,
8/25/2004,
8/26/2004,
8/27/2004,
8/28/2004,
8/29/2004,
8/30/2004,
6/17/2005,6348
6/18/2005,6540
6/19/2005,3930
6/20/2005,2562
6/21/2005,36468
6/22/2005,27156
6/23/2005,5850
6/24/2005,4188
6/25/2005,870
6/26/2005,9324
6/27/2005,39246
6/28/2005,166536
6/29/2005,163506
6/30/2005,103956
7/1/2005,137292
7/2/2005,139944
7/3/2005,176892
7/4/2005,154290
7/5/2005,107676
7/6/2005,103854
7/7/2005,58878
7/8/2005,34512
7/9/2005,25158
7/10/2005,23514
7/11/2005,23688
7/12/2005,18528
7/13/2005,14556
7/14/2005,16758
7/15/2005,9564
7/16/2005,
7/17/2005,
7/18/2005,
7/19/2005,
7/20/2005,
7/21/2005,
7/22/2005,
7/23/2005,
7/24/2005,
7/25/2005,
7/26/2005,
7/27/2005,
7/28/2005,
7/29/2005,
7/30/2005,
7/31/2005,
8/1/2005,
8/2/2005,
8/3/2005,
8/4/2005,
8/5/2005,
8/6/2005,
8/7/2005,
8/8/2005,
8/9/2005,
8/10/2005,
8/11/2005,
8/12/2005,
8/13/2005,
8/14/2005,
8/15/2005,
8/16/2005,
8/17/2005,
8/18/2005,
8/19/2005,
8/20/2005,
8/21/2005,
8/22/2005,
8/23/2005,
8/24/2005,
8/25/2005,
8/26/2005,
8/27/2005,
8/28/2005,
8/29/2005,
8/30/2005,
6/17/2006,
6/18/2006,222
6/19/2006,2790
6/20/2006,2484
6/21/2006,744
6/22/2006,1812
6/23/2006,11856
6/24/2006,18702
6/25/2006,14628
6/26/2006,35454
6/27/2006,47676
6/28/2006,69396
6/29/2006,94068
6/30/2006,18378
7/1/2006,22104
7/2/2006,28584
7/3/2006,52626
7/4/2006,134520
7/5/2006,180486
7/6/2006,238176
7/7/2006,144966
7/8/2006,83130
7/9/2006,133056
7/10/2006,58296
7/11/2006,34260
7/12/2006,6672
7/13/2006,5364
7/14/2006,6552
7/15/2006,18156
7/16/2006,
7/17/2006,
7/18/2006,
7/19/2006,
7/20/2006,
7/21/2006,
7/22/2006,
7/23/2006,
7/24/2006,
7/25/2006,
7/26/2006,
7/27/2006,
7/28/2006,
7/29/2006,
7/30/2006,
7/31/2006,
8/1/2006,
8/2/2006,
8/3/2006,
8/4/2006,
8/5/2006,
8/6/2006,
8/7/2006,
8/8/2006,
8/9/2006,
8/10/2006,
8/11/2006,
8/12/2006,
8/13/2006,
8/14/2006,
8/15/2006,
8/16/2006,
8/17/2006,
8/18/2006,
8/19/2006,
8/20/2006,
8/21/2006,
8/22/2006,
8/23/2006,
8/24/2006,
8/25/2006,
8/26/2006,
8/27/2006,
8/28/2006,
8/29/2006,
8/30/2006,
