date,count,species,year
6/7/1988,2,Sockeye,1988
6/8/1988,0,Sockeye,1988
6/9/1988,0,Sockeye,1988
6/10/1988,1,Sockeye,1988
6/11/1988,1,Sockeye,1988
6/12/1988,0,Sockeye,1988
6/13/1988,0,Sockeye,1988
6/14/1988,0,Sockeye,1988
6/15/1988,0,Sockeye,1988
6/16/1988,0,Sockeye,1988
6/17/1988,3,Sockeye,1988
6/18/1988,2,Sockeye,1988
6/19/1988,3,Sockeye,1988
6/20/1988,2,Sockeye,1988
6/21/1988,0,Sockeye,1988
6/22/1988,957,Sockeye,1988
6/23/1988,0,Sockeye,1988
6/24/1988,14,Sockeye,1988
6/25/1988,5,Sockeye,1988
6/26/1988,35,Sockeye,1988
6/27/1988,25,Sockeye,1988
6/28/1988,1144,Sockeye,1988
6/29/1988,8145,Sockeye,1988
6/30/1988,1775,Sockeye,1988
7/1/1988,604,Sockeye,1988
7/2/1988,2755,Sockeye,1988
7/3/1988,987,Sockeye,1988
7/4/1988,94,Sockeye,1988
7/5/1988,253,Sockeye,1988
7/6/1988,490,Sockeye,1988
7/7/1988,3679,Sockeye,1988
7/8/1988,281,Sockeye,1988
7/9/1988,20,Sockeye,1988
7/10/1988,1329,Sockeye,1988
7/11/1988,1683,Sockeye,1988
7/12/1988,1021,Sockeye,1988
7/13/1988,4210,Sockeye,1988
7/14/1988,255,Sockeye,1988
7/15/1988,72,Sockeye,1988
7/16/1988,175,Sockeye,1988
7/17/1988,190,Sockeye,1988
7/18/1988,519,Sockeye,1988
7/19/1988,1714,Sockeye,1988
7/20/1988,717,Sockeye,1988
7/21/1988,64,Sockeye,1988
7/22/1988,0,Sockeye,1988
7/23/1988,2275,Sockeye,1988
7/24/1988,4,Sockeye,1988
7/25/1988,3378,Sockeye,1988
7/26/1988,484,Sockeye,1988
7/27/1988,219,Sockeye,1988
7/28/1988,1113,Sockeye,1988
7/29/1988,948,Sockeye,1988
7/30/1988,1074,Sockeye,1988
7/31/1988,377,Sockeye,1988
8/1/1988,101,Sockeye,1988
8/2/1988,1319,Sockeye,1988
8/3/1988,57,Sockeye,1988
8/4/1988,445,Sockeye,1988
8/5/1988,323,Sockeye,1988
8/6/1988,323,Sockeye,1988
8/7/1988,7,Sockeye,1988
8/8/1988,76,Sockeye,1988
8/9/1988,15,Sockeye,1988
8/10/1988,44,Sockeye,1988
8/11/1988,64,Sockeye,1988
8/12/1988,81,Sockeye,1988
8/13/1988,56,Sockeye,1988
8/14/1988,123,Sockeye,1988
8/15/1988,98,Sockeye,1988
8/16/1988,50,Sockeye,1988
8/17/1988,38,Sockeye,1988
8/18/1988,30,Sockeye,1988
8/19/1988,19,Sockeye,1988
8/20/1988,28,Sockeye,1988
8/21/1988,9,Sockeye,1988
5/26/1989,0,Sockeye,1989
5/27/1989,0,Sockeye,1989
5/28/1989,0,Sockeye,1989
5/29/1989,0,Sockeye,1989
5/30/1989,0,Sockeye,1989
5/31/1989,11,Sockeye,1989
6/1/1989,5,Sockeye,1989
6/2/1989,6,Sockeye,1989
6/3/1989,7,Sockeye,1989
6/4/1989,33,Sockeye,1989
6/5/1989,77,Sockeye,1989
6/6/1989,0,Sockeye,1989
6/7/1989,5,Sockeye,1989
6/8/1989,2,Sockeye,1989
6/9/1989,0,Sockeye,1989
6/10/1989,5,Sockeye,1989
6/11/1989,947,Sockeye,1989
6/12/1989,675,Sockeye,1989
6/13/1989,252,Sockeye,1989
6/14/1989,226,Sockeye,1989
6/15/1989,23,Sockeye,1989
6/16/1989,2,Sockeye,1989
6/17/1989,4592,Sockeye,1989
6/18/1989,1317,Sockeye,1989
6/19/1989,1506,Sockeye,1989
6/20/1989,640,Sockeye,1989
6/21/1989,2968,Sockeye,1989
6/22/1989,880,Sockeye,1989
6/23/1989,1649,Sockeye,1989
6/24/1989,2297,Sockeye,1989
6/25/1989,2247,Sockeye,1989
6/26/1989,504,Sockeye,1989
6/27/1989,5845,Sockeye,1989
6/28/1989,5818,Sockeye,1989
6/29/1989,1254,Sockeye,1989
6/30/1989,1120,Sockeye,1989
7/1/1989,1393,Sockeye,1989
7/2/1989,1449,Sockeye,1989
7/3/1989,1911,Sockeye,1989
7/4/1989,3438,Sockeye,1989
7/5/1989,1374,Sockeye,1989
7/6/1989,76,Sockeye,1989
7/7/1989,1684,Sockeye,1989
7/8/1989,930,Sockeye,1989
7/9/1989,3613,Sockeye,1989
7/10/1989,4184,Sockeye,1989
7/11/1989,2423,Sockeye,1989
7/12/1989,1499,Sockeye,1989
7/13/1989,1190,Sockeye,1989
7/14/1989,548,Sockeye,1989
7/15/1989,94,Sockeye,1989
7/16/1989,601,Sockeye,1989
7/17/1989,472,Sockeye,1989
7/18/1989,937,Sockeye,1989
7/19/1989,1156,Sockeye,1989
7/20/1989,1017,Sockeye,1989
7/21/1989,897,Sockeye,1989
7/22/1989,110,Sockeye,1989
7/23/1989,951,Sockeye,1989
7/24/1989,70,Sockeye,1989
7/25/1989,2758,Sockeye,1989
7/26/1989,1649,Sockeye,1989
7/27/1989,1136,Sockeye,1989
7/28/1989,2267,Sockeye,1989
7/29/1989,1654,Sockeye,1989
7/30/1989,473,Sockeye,1989
7/31/1989,458,Sockeye,1989
8/1/1989,737,Sockeye,1989
8/2/1989,1188,Sockeye,1989
8/3/1989,1013,Sockeye,1989
8/4/1989,1045,Sockeye,1989
8/5/1989,250,Sockeye,1989
8/6/1989,562,Sockeye,1989
8/7/1989,195,Sockeye,1989
8/8/1989,313,Sockeye,1989
8/9/1989,255,Sockeye,1989
8/10/1989,242,Sockeye,1989
8/11/1989,213,Sockeye,1989
8/12/1989,67,Sockeye,1989
8/13/1989,332,Sockeye,1989
8/14/1989,174,Sockeye,1989
8/15/1989,227,Sockeye,1989
8/16/1989,234,Sockeye,1989
8/17/1989,11,Sockeye,1989
5/8/1990,0,Sockeye,1990
5/9/1990,0,Sockeye,1990
5/10/1990,0,Sockeye,1990
5/11/1990,0,Sockeye,1990
5/12/1990,0,Sockeye,1990
5/13/1990,0,Sockeye,1990
5/14/1990,0,Sockeye,1990
5/15/1990,0,Sockeye,1990
5/16/1990,0,Sockeye,1990
5/17/1990,0,Sockeye,1990
5/18/1990,0,Sockeye,1990
5/19/1990,0,Sockeye,1990
5/20/1990,0,Sockeye,1990
5/21/1990,0,Sockeye,1990
5/22/1990,0,Sockeye,1990
5/23/1990,0,Sockeye,1990
5/24/1990,0,Sockeye,1990
5/25/1990,0,Sockeye,1990
5/26/1990,0,Sockeye,1990
5/27/1990,0,Sockeye,1990
5/28/1990,0,Sockeye,1990
5/29/1990,0,Sockeye,1990
5/30/1990,0,Sockeye,1990
5/31/1990,0,Sockeye,1990
6/1/1990,5,Sockeye,1990
6/2/1990,1,Sockeye,1990
6/3/1990,8,Sockeye,1990
6/4/1990,4,Sockeye,1990
6/5/1990,5,Sockeye,1990
6/6/1990,4,Sockeye,1990
6/7/1990,17,Sockeye,1990
6/8/1990,0,Sockeye,1990
6/9/1990,15,Sockeye,1990
6/10/1990,2,Sockeye,1990
6/11/1990,1,Sockeye,1990
6/12/1990,0,Sockeye,1990
6/13/1990,87,Sockeye,1990
6/14/1990,263,Sockeye,1990
6/15/1990,384,Sockeye,1990
6/16/1990,173,Sockeye,1990
6/17/1990,730,Sockeye,1990
6/18/1990,1015,Sockeye,1990
6/19/1990,2132,Sockeye,1990
6/20/1990,34,Sockeye,1990
6/21/1990,3310,Sockeye,1990
6/22/1990,107,Sockeye,1990
6/23/1990,1435,Sockeye,1990
6/24/1990,89,Sockeye,1990
6/25/1990,1004,Sockeye,1990
6/26/1990,5016,Sockeye,1990
6/27/1990,1001,Sockeye,1990
6/28/1990,1549,Sockeye,1990
6/29/1990,937,Sockeye,1990
6/30/1990,1486,Sockeye,1990
7/1/1990,190,Sockeye,1990
7/2/1990,1100,Sockeye,1990
7/3/1990,2948,Sockeye,1990
7/4/1990,2833,Sockeye,1990
7/5/1990,70,Sockeye,1990
7/6/1990,10,Sockeye,1990
7/7/1990,996,Sockeye,1990
7/8/1990,709,Sockeye,1990
7/9/1990,2109,Sockeye,1990
7/10/1990,1482,Sockeye,1990
7/11/1990,216,Sockeye,1990
7/12/1990,222,Sockeye,1990
7/13/1990,839,Sockeye,1990
7/14/1990,560,Sockeye,1990
7/15/1990,3556,Sockeye,1990
7/16/1990,4923,Sockeye,1990
7/17/1990,1751,Sockeye,1990
7/18/1990,940,Sockeye,1990
7/19/1990,1398,Sockeye,1990
7/20/1990,3513,Sockeye,1990
7/21/1990,2606,Sockeye,1990
7/22/1990,3713,Sockeye,1990
7/23/1990,619,Sockeye,1990
7/24/1990,1366,Sockeye,1990
7/25/1990,341,Sockeye,1990
7/26/1990,280,Sockeye,1990
7/27/1990,1118,Sockeye,1990
7/28/1990,153,Sockeye,1990
5/9/1991,0,Sockeye,1991
5/10/1991,0,Sockeye,1991
5/11/1991,0,Sockeye,1991
5/12/1991,0,Sockeye,1991
5/13/1991,0,Sockeye,1991
5/14/1991,0,Sockeye,1991
5/15/1991,0,Sockeye,1991
5/16/1991,0,Sockeye,1991
5/17/1991,0,Sockeye,1991
5/18/1991,0,Sockeye,1991
5/19/1991,0,Sockeye,1991
5/20/1991,0,Sockeye,1991
5/21/1991,0,Sockeye,1991
5/22/1991,0,Sockeye,1991
5/23/1991,0,Sockeye,1991
5/24/1991,0,Sockeye,1991
5/25/1991,0,Sockeye,1991
5/26/1991,0,Sockeye,1991
5/27/1991,0,Sockeye,1991
5/28/1991,0,Sockeye,1991
5/29/1991,0,Sockeye,1991
5/30/1991,0,Sockeye,1991
5/31/1991,0,Sockeye,1991
6/1/1991,0,Sockeye,1991
6/2/1991,0,Sockeye,1991
6/3/1991,0,Sockeye,1991
6/4/1991,0,Sockeye,1991
6/5/1991,0,Sockeye,1991
6/6/1991,0,Sockeye,1991
6/7/1991,0,Sockeye,1991
6/8/1991,0,Sockeye,1991
6/9/1991,0,Sockeye,1991
6/10/1991,2,Sockeye,1991
6/11/1991,0,Sockeye,1991
6/12/1991,3,Sockeye,1991
6/13/1991,111,Sockeye,1991
6/14/1991,0,Sockeye,1991
6/15/1991,170,Sockeye,1991
6/16/1991,11,Sockeye,1991
6/17/1991,0,Sockeye,1991
6/18/1991,0,Sockeye,1991
6/19/1991,1156,Sockeye,1991
6/20/1991,1486,Sockeye,1991
6/21/1991,1726,Sockeye,1991
6/22/1991,2967,Sockeye,1991
6/23/1991,123,Sockeye,1991
6/24/1991,32,Sockeye,1991
6/25/1991,1523,Sockeye,1991
6/26/1991,203,Sockeye,1991
6/27/1991,570,Sockeye,1991
6/28/1991,2156,Sockeye,1991
6/29/1991,3239,Sockeye,1991
6/30/1991,4753,Sockeye,1991
7/1/1991,2743,Sockeye,1991
7/2/1991,2707,Sockeye,1991
7/3/1991,6045,Sockeye,1991
7/4/1991,390,Sockeye,1991
7/5/1991,132,Sockeye,1991
7/6/1991,1171,Sockeye,1991
7/7/1991,1334,Sockeye,1991
7/8/1991,833,Sockeye,1991
7/9/1991,5578,Sockeye,1991
7/10/1991,3682,Sockeye,1991
7/11/1991,2755,Sockeye,1991
7/12/1991,1233,Sockeye,1991
7/13/1991,2907,Sockeye,1991
7/14/1991,1979,Sockeye,1991
7/15/1991,2595,Sockeye,1991
7/16/1991,1562,Sockeye,1991
7/17/1991,2638,Sockeye,1991
7/18/1991,1481,Sockeye,1991
7/19/1991,1894,Sockeye,1991
7/20/1991,911,Sockeye,1991
7/21/1991,2587,Sockeye,1991
7/22/1991,641,Sockeye,1991
7/23/1991,229,Sockeye,1991
7/24/1991,500,Sockeye,1991
7/25/1991,101,Sockeye,1991
7/26/1991,578,Sockeye,1991
7/27/1991,300,Sockeye,1991
5/1/1992,0,Sockeye,1992
5/2/1992,0,Sockeye,1992
5/3/1992,0,Sockeye,1992
5/4/1992,0,Sockeye,1992
5/5/1992,0,Sockeye,1992
5/6/1992,0,Sockeye,1992
5/7/1992,0,Sockeye,1992
5/8/1992,0,Sockeye,1992
5/9/1992,0,Sockeye,1992
5/10/1992,0,Sockeye,1992
5/11/1992,0,Sockeye,1992
5/12/1992,0,Sockeye,1992
5/13/1992,0,Sockeye,1992
5/14/1992,0,Sockeye,1992
5/15/1992,0,Sockeye,1992
5/16/1992,0,Sockeye,1992
5/17/1992,0,Sockeye,1992
5/18/1992,0,Sockeye,1992
5/19/1992,0,Sockeye,1992
5/20/1992,0,Sockeye,1992
5/21/1992,0,Sockeye,1992
5/22/1992,0,Sockeye,1992
5/23/1992,0,Sockeye,1992
5/24/1992,0,Sockeye,1992
5/25/1992,0,Sockeye,1992
5/26/1992,0,Sockeye,1992
5/27/1992,0,Sockeye,1992
5/28/1992,4,Sockeye,1992
5/29/1992,5,Sockeye,1992
5/30/1992,14,Sockeye,1992
5/31/1992,2,Sockeye,1992
6/1/1992,2,Sockeye,1992
6/2/1992,4,Sockeye,1992
6/3/1992,6,Sockeye,1992
6/4/1992,7,Sockeye,1992
6/5/1992,21,Sockeye,1992
6/6/1992,17,Sockeye,1992
6/7/1992,13,Sockeye,1992
6/8/1992,31,Sockeye,1992
6/9/1992,40,Sockeye,1992
6/10/1992,82,Sockeye,1992
6/11/1992,136,Sockeye,1992
6/12/1992,199,Sockeye,1992
6/13/1992,166,Sockeye,1992
6/14/1992,268,Sockeye,1992
6/15/1992,156,Sockeye,1992
6/16/1992,28,Sockeye,1992
6/17/1992,1024,Sockeye,1992
6/18/1992,360,Sockeye,1992
6/19/1992,442,Sockeye,1992
6/20/1992,649,Sockeye,1992
6/21/1992,608,Sockeye,1992
6/22/1992,959,Sockeye,1992
6/23/1992,685,Sockeye,1992
6/24/1992,941,Sockeye,1992
6/25/1992,528,Sockeye,1992
6/26/1992,1076,Sockeye,1992
6/27/1992,945,Sockeye,1992
6/28/1992,5291,Sockeye,1992
6/29/1992,3891,Sockeye,1992
6/30/1992,2307,Sockeye,1992
7/1/1992,902,Sockeye,1992
7/2/1992,170,Sockeye,1992
7/3/1992,729,Sockeye,1992
7/4/1992,358,Sockeye,1992
7/5/1992,451,Sockeye,1992
7/6/1992,364,Sockeye,1992
7/7/1992,3178,Sockeye,1992
7/8/1992,1458,Sockeye,1992
7/9/1992,562,Sockeye,1992
7/10/1992,633,Sockeye,1992
7/11/1992,602,Sockeye,1992
7/12/1992,2045,Sockeye,1992
7/13/1992,1552,Sockeye,1992
7/14/1992,1635,Sockeye,1992
7/15/1992,1332,Sockeye,1992
7/16/1992,1028,Sockeye,1992
7/17/1992,2819,Sockeye,1992
7/18/1992,12856,Sockeye,1992
7/19/1992,877,Sockeye,1992
7/20/1992,4813,Sockeye,1992
7/21/1992,3670,Sockeye,1992
7/22/1992,558,Sockeye,1992
7/23/1992,3597,Sockeye,1992
7/24/1992,754,Sockeye,1992
7/25/1992,409,Sockeye,1992
7/26/1992,497,Sockeye,1992
7/27/1992,628,Sockeye,1992
7/28/1992,496,Sockeye,1992
7/29/1992,957,Sockeye,1992
7/30/1992,309,Sockeye,1992
7/31/1992,1859,Sockeye,1992
8/1/1992,1346,Sockeye,1992
8/2/1992,908,Sockeye,1992
8/3/1992,816,Sockeye,1992
8/4/1992,441,Sockeye,1992
8/5/1992,217,Sockeye,1992
6/10/1993,373,Sockeye,1993
6/11/1993,24,Sockeye,1993
6/12/1993,53,Sockeye,1993
6/13/1993,597,Sockeye,1993
6/14/1993,1331,Sockeye,1993
6/15/1993,592,Sockeye,1993
6/16/1993,241,Sockeye,1993
6/17/1993,101,Sockeye,1993
6/18/1993,2186,Sockeye,1993
6/19/1993,293,Sockeye,1993
6/20/1993,2497,Sockeye,1993
6/21/1993,0,Sockeye,1993
6/22/1993,739,Sockeye,1993
6/23/1993,1805,Sockeye,1993
6/24/1993,2343,Sockeye,1993
6/25/1993,244,Sockeye,1993
6/26/1993,845,Sockeye,1993
6/27/1993,3612,Sockeye,1993
6/28/1993,489,Sockeye,1993
6/29/1993,545,Sockeye,1993
6/30/1993,2721,Sockeye,1993
7/1/1993,822,Sockeye,1993
7/2/1993,218,Sockeye,1993
7/3/1993,961,Sockeye,1993
7/4/1993,733,Sockeye,1993
7/5/1993,624,Sockeye,1993
7/6/1993,1929,Sockeye,1993
7/7/1993,964,Sockeye,1993
7/8/1993,2382,Sockeye,1993
7/9/1993,1561,Sockeye,1993
7/10/1993,861,Sockeye,1993
7/11/1993,1984,Sockeye,1993
7/12/1993,2608,Sockeye,1993
7/13/1993,287,Sockeye,1993
7/14/1993,931,Sockeye,1993
7/15/1993,842,Sockeye,1993
7/16/1993,814,Sockeye,1993
7/17/1993,146,Sockeye,1993
7/18/1993,221,Sockeye,1993
7/19/1993,1627,Sockeye,1993
7/20/1993,966,Sockeye,1993
7/21/1993,1176,Sockeye,1993
7/22/1993,1369,Sockeye,1993
7/23/1993,264,Sockeye,1993
7/24/1993,1362,Sockeye,1993
7/25/1993,901,Sockeye,1993
7/26/1993,1374,Sockeye,1993
7/27/1993,1259,Sockeye,1993
7/28/1993,2463,Sockeye,1993
7/29/1993,544,Sockeye,1993
7/30/1993,198,Sockeye,1993
7/31/1993,1155,Sockeye,1993
8/1/1993,733,Sockeye,1993
8/2/1993,1975,Sockeye,1993
8/3/1993,2139,Sockeye,1993
8/4/1993,1399,Sockeye,1993
8/5/1993,687,Sockeye,1993
5/21/1994,0,Sockeye,1994
5/22/1994,0,Sockeye,1994
5/23/1994,0,Sockeye,1994
5/24/1994,0,Sockeye,1994
5/25/1994,0,Sockeye,1994
5/26/1994,0,Sockeye,1994
5/27/1994,0,Sockeye,1994
5/28/1994,0,Sockeye,1994
5/29/1994,0,Sockeye,1994
5/30/1994,7,Sockeye,1994
5/31/1994,14,Sockeye,1994
6/1/1994,9,Sockeye,1994
6/2/1994,17,Sockeye,1994
6/3/1994,16,Sockeye,1994
6/4/1994,69,Sockeye,1994
6/5/1994,40,Sockeye,1994
6/6/1994,90,Sockeye,1994
6/7/1994,12,Sockeye,1994
6/8/1994,185,Sockeye,1994
6/9/1994,2,Sockeye,1994
6/10/1994,307,Sockeye,1994
6/11/1994,21,Sockeye,1994
6/12/1994,393,Sockeye,1994
6/13/1994,19,Sockeye,1994
6/14/1994,5,Sockeye,1994
6/15/1994,1008,Sockeye,1994
6/16/1994,722,Sockeye,1994
6/17/1994,366,Sockeye,1994
6/18/1994,248,Sockeye,1994
6/19/1994,43,Sockeye,1994
6/20/1994,48,Sockeye,1994
6/21/1994,519,Sockeye,1994
6/22/1994,1359,Sockeye,1994
6/23/1994,2640,Sockeye,1994
6/24/1994,208,Sockeye,1994
6/25/1994,1710,Sockeye,1994
6/26/1994,728,Sockeye,1994
6/27/1994,241,Sockeye,1994
6/28/1994,530,Sockeye,1994
6/29/1994,2162,Sockeye,1994
6/30/1994,3558,Sockeye,1994
7/1/1994,274,Sockeye,1994
7/2/1994,1551,Sockeye,1994
7/3/1994,2518,Sockeye,1994
7/4/1994,711,Sockeye,1994
7/5/1994,4638,Sockeye,1994
7/6/1994,645,Sockeye,1994
7/7/1994,1017,Sockeye,1994
7/8/1994,656,Sockeye,1994
7/9/1994,164,Sockeye,1994
7/10/1994,1613,Sockeye,1994
7/11/1994,2720,Sockeye,1994
7/12/1994,3422,Sockeye,1994
7/13/1994,1307,Sockeye,1994
7/14/1994,1468,Sockeye,1994
7/15/1994,1806,Sockeye,1994
7/16/1994,731,Sockeye,1994
7/17/1994,461,Sockeye,1994
7/18/1994,2828,Sockeye,1994
7/19/1994,2208,Sockeye,1994
7/20/1994,3174,Sockeye,1994
7/21/1994,487,Sockeye,1994
7/22/1994,1075,Sockeye,1994
7/23/1994,1457,Sockeye,1994
7/24/1994,2444,Sockeye,1994
7/25/1994,1848,Sockeye,1994
7/26/1994,2313,Sockeye,1994
7/27/1994,2443,Sockeye,1994
7/28/1994,2784,Sockeye,1994
7/29/1994,492,Sockeye,1994
7/30/1994,2398,Sockeye,1994
7/31/1994,378,Sockeye,1994
8/1/1994,892,Sockeye,1994
8/2/1994,429,Sockeye,1994
8/3/1994,944,Sockeye,1994
8/4/1994,882,Sockeye,1994
5/8/1995,0,Sockeye,1995
5/9/1995,0,Sockeye,1995
5/10/1995,0,Sockeye,1995
5/11/1995,0,Sockeye,1995
5/12/1995,0,Sockeye,1995
5/13/1995,0,Sockeye,1995
5/14/1995,0,Sockeye,1995
5/15/1995,0,Sockeye,1995
5/16/1995,0,Sockeye,1995
5/17/1995,0,Sockeye,1995
5/18/1995,0,Sockeye,1995
5/19/1995,0,Sockeye,1995
5/20/1995,0,Sockeye,1995
5/21/1995,0,Sockeye,1995
5/22/1995,0,Sockeye,1995
5/23/1995,0,Sockeye,1995
5/24/1995,0,Sockeye,1995
5/25/1995,0,Sockeye,1995
5/26/1995,0,Sockeye,1995
5/27/1995,0,Sockeye,1995
5/28/1995,1,Sockeye,1995
5/29/1995,0,Sockeye,1995
5/30/1995,2,Sockeye,1995
5/31/1995,0,Sockeye,1995
6/1/1995,0,Sockeye,1995
6/2/1995,0,Sockeye,1995
6/3/1995,0,Sockeye,1995
6/4/1995,11,Sockeye,1995
6/5/1995,15,Sockeye,1995
6/6/1995,6,Sockeye,1995
6/7/1995,0,Sockeye,1995
6/8/1995,0,Sockeye,1995
6/9/1995,121,Sockeye,1995
6/10/1995,5,Sockeye,1995
6/11/1995,24,Sockeye,1995
6/12/1995,0,Sockeye,1995
6/13/1995,0,Sockeye,1995
6/14/1995,4,Sockeye,1995
6/15/1995,20,Sockeye,1995
6/16/1995,265,Sockeye,1995
6/17/1995,207,Sockeye,1995
6/18/1995,662,Sockeye,1995
6/19/1995,57,Sockeye,1995
6/20/1995,1091,Sockeye,1995
6/21/1995,929,Sockeye,1995
6/22/1995,1886,Sockeye,1995
6/23/1995,1299,Sockeye,1995
6/24/1995,3087,Sockeye,1995
6/25/1995,138,Sockeye,1995
6/26/1995,223,Sockeye,1995
6/27/1995,2753,Sockeye,1995
6/28/1995,1711,Sockeye,1995
6/29/1995,754,Sockeye,1995
6/30/1995,7,Sockeye,1995
7/1/1995,1070,Sockeye,1995
7/2/1995,423,Sockeye,1995
7/3/1995,822,Sockeye,1995
7/4/1995,764,Sockeye,1995
7/5/1995,1178,Sockeye,1995
7/6/1995,791,Sockeye,1995
7/7/1995,1543,Sockeye,1995
7/8/1995,598,Sockeye,1995
7/9/1995,1707,Sockeye,1995
7/10/1995,327,Sockeye,1995
7/11/1995,70,Sockeye,1995
7/12/1995,854,Sockeye,1995
7/13/1995,927,Sockeye,1995
7/14/1995,477,Sockeye,1995
7/15/1995,661,Sockeye,1995
7/16/1995,241,Sockeye,1995
7/17/1995,1069,Sockeye,1995
7/18/1995,1166,Sockeye,1995
7/19/1995,339,Sockeye,1995
7/20/1995,1650,Sockeye,1995
7/21/1995,58,Sockeye,1995
7/22/1995,869,Sockeye,1995
7/23/1995,225,Sockeye,1995
7/24/1995,432,Sockeye,1995
7/25/1995,1938,Sockeye,1995
7/26/1995,122,Sockeye,1995
7/27/1995,554,Sockeye,1995
7/28/1995,774,Sockeye,1995
7/29/1995,806,Sockeye,1995
7/30/1995,1847,Sockeye,1995
7/31/1995,1300,Sockeye,1995
8/1/1995,701,Sockeye,1995
8/2/1995,653,Sockeye,1995
8/3/1995,229,Sockeye,1995
5/6/1996,0,Sockeye,1996
5/7/1996,0,Sockeye,1996
5/8/1996,0,Sockeye,1996
5/9/1996,0,Sockeye,1996
5/10/1996,0,Sockeye,1996
5/11/1996,0,Sockeye,1996
5/12/1996,0,Sockeye,1996
5/13/1996,0,Sockeye,1996
5/14/1996,0,Sockeye,1996
5/15/1996,0,Sockeye,1996
5/16/1996,0,Sockeye,1996
5/17/1996,0,Sockeye,1996
5/18/1996,0,Sockeye,1996
5/19/1996,0,Sockeye,1996
5/20/1996,0,Sockeye,1996
5/21/1996,0,Sockeye,1996
5/22/1996,0,Sockeye,1996
5/23/1996,0,Sockeye,1996
5/24/1996,0,Sockeye,1996
5/25/1996,0,Sockeye,1996
5/26/1996,0,Sockeye,1996
5/27/1996,0,Sockeye,1996
5/28/1996,0,Sockeye,1996
5/29/1996,0,Sockeye,1996
5/30/1996,0,Sockeye,1996
5/31/1996,0,Sockeye,1996
6/1/1996,0,Sockeye,1996
6/2/1996,0,Sockeye,1996
6/3/1996,0,Sockeye,1996
6/4/1996,0,Sockeye,1996
6/5/1996,4,Sockeye,1996
6/6/1996,2,Sockeye,1996
6/7/1996,1,Sockeye,1996
6/8/1996,6,Sockeye,1996
6/9/1996,0,Sockeye,1996
6/10/1996,0,Sockeye,1996
6/11/1996,0,Sockeye,1996
6/12/1996,0,Sockeye,1996
6/13/1996,78,Sockeye,1996
6/14/1996,7,Sockeye,1996
6/15/1996,4,Sockeye,1996
6/16/1996,90,Sockeye,1996
6/17/1996,228,Sockeye,1996
6/18/1996,62,Sockeye,1996
6/19/1996,1289,Sockeye,1996
6/20/1996,2857,Sockeye,1996
6/21/1996,1340,Sockeye,1996
6/22/1996,476,Sockeye,1996
6/23/1996,2010,Sockeye,1996
6/24/1996,334,Sockeye,1996
6/25/1996,1080,Sockeye,1996
6/26/1996,169,Sockeye,1996
6/27/1996,2536,Sockeye,1996
6/28/1996,3066,Sockeye,1996
6/29/1996,848,Sockeye,1996
6/30/1996,218,Sockeye,1996
7/1/1996,1114,Sockeye,1996
7/2/1996,2057,Sockeye,1996
7/3/1996,2292,Sockeye,1996
7/4/1996,861,Sockeye,1996
7/5/1996,1821,Sockeye,1996
7/6/1996,1521,Sockeye,1996
7/7/1996,2323,Sockeye,1996
7/8/1996,408,Sockeye,1996
7/9/1996,4559,Sockeye,1996
7/10/1996,1534,Sockeye,1996
7/11/1996,1172,Sockeye,1996
7/12/1996,418,Sockeye,1996
7/13/1996,314,Sockeye,1996
7/14/1996,727,Sockeye,1996
7/15/1996,1131,Sockeye,1996
7/16/1996,1053,Sockeye,1996
7/17/1996,1913,Sockeye,1996
7/18/1996,3262,Sockeye,1996
7/19/1996,443,Sockeye,1996
7/20/1996,344,Sockeye,1996
7/21/1996,2402,Sockeye,1996
7/22/1996,1222,Sockeye,1996
7/23/1996,397,Sockeye,1996
7/24/1996,818,Sockeye,1996
7/25/1996,304,Sockeye,1996
7/26/1996,784,Sockeye,1996
7/27/1996,629,Sockeye,1996
7/28/1996,740,Sockeye,1996
7/29/1996,585,Sockeye,1996
7/30/1996,77,Sockeye,1996
7/31/1996,881,Sockeye,1996
8/1/1996,310,Sockeye,1996
8/2/1996,1713,Sockeye,1996
8/3/1996,991,Sockeye,1996
8/4/1996,708,Sockeye,1996
8/5/1996,905,Sockeye,1996
8/6/1996,1831,Sockeye,1996
5/5/1997,0,Sockeye,1997
5/6/1997,0,Sockeye,1997
5/7/1997,0,Sockeye,1997
5/8/1997,0,Sockeye,1997
5/9/1997,0,Sockeye,1997
5/10/1997,0,Sockeye,1997
5/11/1997,0,Sockeye,1997
5/12/1997,0,Sockeye,1997
5/13/1997,0,Sockeye,1997
5/14/1997,0,Sockeye,1997
5/15/1997,0,Sockeye,1997
5/16/1997,0,Sockeye,1997
5/17/1997,0,Sockeye,1997
5/18/1997,0,Sockeye,1997
5/19/1997,0,Sockeye,1997
5/20/1997,0,Sockeye,1997
5/21/1997,0,Sockeye,1997
5/22/1997,0,Sockeye,1997
5/23/1997,0,Sockeye,1997
5/24/1997,0,Sockeye,1997
5/25/1997,0,Sockeye,1997
5/26/1997,0,Sockeye,1997
5/27/1997,0,Sockeye,1997
5/28/1997,0,Sockeye,1997
5/29/1997,0,Sockeye,1997
5/30/1997,0,Sockeye,1997
5/31/1997,0,Sockeye,1997
6/1/1997,197,Sockeye,1997
6/2/1997,344,Sockeye,1997
6/3/1997,198,Sockeye,1997
6/4/1997,0,Sockeye,1997
6/5/1997,0,Sockeye,1997
6/6/1997,609,Sockeye,1997
6/7/1997,6,Sockeye,1997
6/8/1997,184,Sockeye,1997
6/9/1997,1191,Sockeye,1997
6/10/1997,3,Sockeye,1997
6/11/1997,0,Sockeye,1997
6/12/1997,22,Sockeye,1997
6/13/1997,90,Sockeye,1997
6/14/1997,1019,Sockeye,1997
6/15/1997,141,Sockeye,1997
6/16/1997,878,Sockeye,1997
6/17/1997,64,Sockeye,1997
6/18/1997,0,Sockeye,1997
6/19/1997,726,Sockeye,1997
6/20/1997,716,Sockeye,1997
6/21/1997,237,Sockeye,1997
6/22/1997,251,Sockeye,1997
6/23/1997,1330,Sockeye,1997
6/24/1997,114,Sockeye,1997
6/25/1997,313,Sockeye,1997
6/26/1997,352,Sockeye,1997
6/27/1997,1402,Sockeye,1997
6/28/1997,757,Sockeye,1997
6/29/1997,2292,Sockeye,1997
6/30/1997,841,Sockeye,1997
7/1/1997,210,Sockeye,1997
7/2/1997,50,Sockeye,1997
7/3/1997,1348,Sockeye,1997
7/4/1997,1148,Sockeye,1997
7/5/1997,1503,Sockeye,1997
7/6/1997,455,Sockeye,1997
7/7/1997,1368,Sockeye,1997
7/8/1997,291,Sockeye,1997
7/9/1997,58,Sockeye,1997
7/10/1997,552,Sockeye,1997
7/11/1997,1053,Sockeye,1997
7/12/1997,2385,Sockeye,1997
7/13/1997,971,Sockeye,1997
7/14/1997,167,Sockeye,1997
7/15/1997,349,Sockeye,1997
7/16/1997,785,Sockeye,1997
7/17/1997,595,Sockeye,1997
7/18/1997,1488,Sockeye,1997
7/19/1997,831,Sockeye,1997
7/20/1997,638,Sockeye,1997
7/21/1997,1125,Sockeye,1997
7/22/1997,566,Sockeye,1997
7/23/1997,765,Sockeye,1997
7/24/1997,637,Sockeye,1997
7/25/1997,699,Sockeye,1997
7/26/1997,847,Sockeye,1997
7/27/1997,973,Sockeye,1997
7/28/1997,1177,Sockeye,1997
7/29/1997,639,Sockeye,1997
7/30/1997,859,Sockeye,1997
7/31/1997,489,Sockeye,1997
8/1/1997,400,Sockeye,1997
8/2/1997,322,Sockeye,1997
8/3/1997,409,Sockeye,1997
8/4/1997,331,Sockeye,1997
8/5/1997,152,Sockeye,1997
8/6/1997,628,Sockeye,1997
8/7/1997,510,Sockeye,1997
5/4/1998,0,Sockeye,1998
5/5/1998,0,Sockeye,1998
5/6/1998,0,Sockeye,1998
5/7/1998,0,Sockeye,1998
5/8/1998,0,Sockeye,1998
5/9/1998,0,Sockeye,1998
5/10/1998,0,Sockeye,1998
5/11/1998,0,Sockeye,1998
5/12/1998,0,Sockeye,1998
5/13/1998,0,Sockeye,1998
5/14/1998,0,Sockeye,1998
5/15/1998,0,Sockeye,1998
5/16/1998,0,Sockeye,1998
5/17/1998,0,Sockeye,1998
5/18/1998,0,Sockeye,1998
5/19/1998,0,Sockeye,1998
5/20/1998,0,Sockeye,1998
5/21/1998,0,Sockeye,1998
5/22/1998,0,Sockeye,1998
5/23/1998,0,Sockeye,1998
5/24/1998,0,Sockeye,1998
5/25/1998,3,Sockeye,1998
5/26/1998,8,Sockeye,1998
5/27/1998,0,Sockeye,1998
5/28/1998,0,Sockeye,1998
5/29/1998,0,Sockeye,1998
5/30/1998,0,Sockeye,1998
5/31/1998,10,Sockeye,1998
6/1/1998,9,Sockeye,1998
6/2/1998,23,Sockeye,1998
6/3/1998,0,Sockeye,1998
6/4/1998,14,Sockeye,1998
6/5/1998,21,Sockeye,1998
6/6/1998,34,Sockeye,1998
6/7/1998,13,Sockeye,1998
6/8/1998,2,Sockeye,1998
6/9/1998,16,Sockeye,1998
6/10/1998,0,Sockeye,1998
6/11/1998,301,Sockeye,1998
6/12/1998,744,Sockeye,1998
6/13/1998,809,Sockeye,1998
6/14/1998,530,Sockeye,1998
6/15/1998,0,Sockeye,1998
6/16/1998,11,Sockeye,1998
6/17/1998,241,Sockeye,1998
6/18/1998,178,Sockeye,1998
6/19/1998,0,Sockeye,1998
6/20/1998,132,Sockeye,1998
6/21/1998,1191,Sockeye,1998
6/22/1998,1955,Sockeye,1998
6/23/1998,377,Sockeye,1998
6/24/1998,84,Sockeye,1998
6/25/1998,2,Sockeye,1998
6/26/1998,76,Sockeye,1998
6/27/1998,603,Sockeye,1998
6/28/1998,2,Sockeye,1998
6/29/1998,994,Sockeye,1998
6/30/1998,1062,Sockeye,1998
7/1/1998,520,Sockeye,1998
7/2/1998,602,Sockeye,1998
7/3/1998,1639,Sockeye,1998
7/4/1998,213,Sockeye,1998
7/5/1998,26,Sockeye,1998
7/6/1998,3715,Sockeye,1998
7/7/1998,2495,Sockeye,1998
7/8/1998,2060,Sockeye,1998
7/9/1998,1830,Sockeye,1998
7/10/1998,614,Sockeye,1998
7/11/1998,1392,Sockeye,1998
7/12/1998,2217,Sockeye,1998
7/13/1998,3856,Sockeye,1998
7/14/1998,3646,Sockeye,1998
7/15/1998,631,Sockeye,1998
7/16/1998,1935,Sockeye,1998
7/17/1998,606,Sockeye,1998
7/18/1998,2216,Sockeye,1998
7/19/1998,561,Sockeye,1998
7/20/1998,308,Sockeye,1998
7/21/1998,69,Sockeye,1998
7/22/1998,1680,Sockeye,1998
7/23/1998,208,Sockeye,1998
7/24/1998,224,Sockeye,1998
7/25/1998,112,Sockeye,1998
7/26/1998,220,Sockeye,1998
7/27/1998,710,Sockeye,1998
7/28/1998,1084,Sockeye,1998
7/29/1998,1005,Sockeye,1998
7/30/1998,549,Sockeye,1998
7/31/1998,652,Sockeye,1998
8/1/1998,907,Sockeye,1998
8/2/1998,673,Sockeye,1998
8/3/1998,1177,Sockeye,1998
8/4/1998,285,Sockeye,1998
8/5/1998,464,Sockeye,1998
5/9/1999,0,Sockeye,1999
5/10/1999,0,Sockeye,1999
5/11/1999,0,Sockeye,1999
5/12/1999,0,Sockeye,1999
5/13/1999,0,Sockeye,1999
5/14/1999,0,Sockeye,1999
5/15/1999,0,Sockeye,1999
5/16/1999,0,Sockeye,1999
5/17/1999,0,Sockeye,1999
5/18/1999,0,Sockeye,1999
5/19/1999,0,Sockeye,1999
5/20/1999,0,Sockeye,1999
5/21/1999,0,Sockeye,1999
5/22/1999,0,Sockeye,1999
5/23/1999,0,Sockeye,1999
5/24/1999,0,Sockeye,1999
5/25/1999,0,Sockeye,1999
5/26/1999,0,Sockeye,1999
5/27/1999,0,Sockeye,1999
5/28/1999,0,Sockeye,1999
5/29/1999,0,Sockeye,1999
5/30/1999,0,Sockeye,1999
5/31/1999,0,Sockeye,1999
6/1/1999,0,Sockeye,1999
6/2/1999,3,Sockeye,1999
6/3/1999,3,Sockeye,1999
6/4/1999,1,Sockeye,1999
6/5/1999,16,Sockeye,1999
6/6/1999,1,Sockeye,1999
6/7/1999,11,Sockeye,1999
6/8/1999,0,Sockeye,1999
6/9/1999,0,Sockeye,1999
6/10/1999,0,Sockeye,1999
6/11/1999,0,Sockeye,1999
6/12/1999,10,Sockeye,1999
6/13/1999,431,Sockeye,1999
6/14/1999,0,Sockeye,1999
6/15/1999,574,Sockeye,1999
6/16/1999,278,Sockeye,1999
6/17/1999,0,Sockeye,1999
6/18/1999,187,Sockeye,1999
6/19/1999,50,Sockeye,1999
6/20/1999,254,Sockeye,1999
6/21/1999,2572,Sockeye,1999
6/22/1999,6,Sockeye,1999
6/23/1999,1253,Sockeye,1999
6/24/1999,519,Sockeye,1999
6/25/1999,979,Sockeye,1999
6/26/1999,121,Sockeye,1999
6/27/1999,950,Sockeye,1999
6/28/1999,1270,Sockeye,1999
6/29/1999,1239,Sockeye,1999
6/30/1999,1741,Sockeye,1999
7/1/1999,1979,Sockeye,1999
7/2/1999,512,Sockeye,1999
7/3/1999,2130,Sockeye,1999
7/4/1999,4268,Sockeye,1999
7/5/1999,2016,Sockeye,1999
7/6/1999,719,Sockeye,1999
7/7/1999,2284,Sockeye,1999
7/8/1999,131,Sockeye,1999
7/9/1999,511,Sockeye,1999
7/10/1999,2556,Sockeye,1999
7/11/1999,282,Sockeye,1999
7/12/1999,62,Sockeye,1999
7/13/1999,1356,Sockeye,1999
7/14/1999,1202,Sockeye,1999
7/15/1999,1369,Sockeye,1999
7/16/1999,2425,Sockeye,1999
7/17/1999,729,Sockeye,1999
7/18/1999,183,Sockeye,1999
7/19/1999,3689,Sockeye,1999
7/20/1999,3887,Sockeye,1999
7/21/1999,311,Sockeye,1999
7/22/1999,1769,Sockeye,1999
7/23/1999,2493,Sockeye,1999
7/24/1999,214,Sockeye,1999
7/25/1999,67,Sockeye,1999
7/26/1999,784,Sockeye,1999
7/27/1999,1977,Sockeye,1999
7/28/1999,1514,Sockeye,1999
7/29/1999,544,Sockeye,1999
7/30/1999,219,Sockeye,1999
7/31/1999,369,Sockeye,1999
8/1/1999,569,Sockeye,1999
8/2/1999,933,Sockeye,1999
8/3/1999,3135,Sockeye,1999
8/4/1999,935,Sockeye,1999
8/5/1999,459,Sockeye,1999
8/6/1999,493,Sockeye,1999
5/8/2000,0,Sockeye,2000
5/9/2000,0,Sockeye,2000
5/10/2000,0,Sockeye,2000
5/11/2000,0,Sockeye,2000
5/12/2000,0,Sockeye,2000
5/13/2000,0,Sockeye,2000
5/14/2000,0,Sockeye,2000
5/15/2000,0,Sockeye,2000
5/16/2000,0,Sockeye,2000
5/17/2000,0,Sockeye,2000
5/18/2000,0,Sockeye,2000
5/19/2000,0,Sockeye,2000
5/20/2000,0,Sockeye,2000
5/21/2000,0,Sockeye,2000
5/22/2000,0,Sockeye,2000
5/23/2000,0,Sockeye,2000
5/24/2000,0,Sockeye,2000
5/25/2000,0,Sockeye,2000
5/26/2000,0,Sockeye,2000
5/27/2000,0,Sockeye,2000
5/28/2000,0,Sockeye,2000
5/29/2000,1,Sockeye,2000
5/30/2000,1,Sockeye,2000
5/31/2000,0,Sockeye,2000
6/1/2000,0,Sockeye,2000
6/2/2000,0,Sockeye,2000
6/3/2000,0,Sockeye,2000
6/4/2000,4,Sockeye,2000
6/5/2000,0,Sockeye,2000
6/6/2000,5,Sockeye,2000
6/7/2000,35,Sockeye,2000
6/8/2000,2,Sockeye,2000
6/9/2000,171,Sockeye,2000
6/10/2000,547,Sockeye,2000
6/11/2000,0,Sockeye,2000
6/12/2000,0,Sockeye,2000
6/13/2000,0,Sockeye,2000
6/14/2000,258,Sockeye,2000
6/15/2000,2363,Sockeye,2000
6/16/2000,11,Sockeye,2000
6/17/2000,1607,Sockeye,2000
6/18/2000,2143,Sockeye,2000
6/19/2000,82,Sockeye,2000
6/20/2000,1222,Sockeye,2000
6/21/2000,422,Sockeye,2000
6/22/2000,14,Sockeye,2000
6/23/2000,267,Sockeye,2000
6/24/2000,124,Sockeye,2000
6/25/2000,277,Sockeye,2000
6/26/2000,674,Sockeye,2000
6/27/2000,336,Sockeye,2000
6/28/2000,860,Sockeye,2000
6/29/2000,398,Sockeye,2000
6/30/2000,1101,Sockeye,2000
7/1/2000,2379,Sockeye,2000
7/2/2000,2260,Sockeye,2000
7/3/2000,1936,Sockeye,2000
7/4/2000,783,Sockeye,2000
7/5/2000,1,Sockeye,2000
7/6/2000,456,Sockeye,2000
7/7/2000,197,Sockeye,2000
7/8/2000,1710,Sockeye,2000
7/9/2000,1028,Sockeye,2000
7/10/2000,2185,Sockeye,2000
7/11/2000,103,Sockeye,2000
7/12/2000,754,Sockeye,2000
7/13/2000,205,Sockeye,2000
7/14/2000,404,Sockeye,2000
7/15/2000,403,Sockeye,2000
7/16/2000,25,Sockeye,2000
7/17/2000,1353,Sockeye,2000
7/18/2000,776,Sockeye,2000
7/19/2000,260,Sockeye,2000
7/20/2000,154,Sockeye,2000
7/21/2000,235,Sockeye,2000
7/22/2000,1335,Sockeye,2000
7/23/2000,374,Sockeye,2000
7/24/2000,19,Sockeye,2000
7/25/2000,434,Sockeye,2000
7/26/2000,1378,Sockeye,2000
7/27/2000,1626,Sockeye,2000
7/28/2000,1571,Sockeye,2000
7/29/2000,583,Sockeye,2000
7/30/2000,1031,Sockeye,2000
7/31/2000,170,Sockeye,2000
8/1/2000,70,Sockeye,2000
8/2/2000,465,Sockeye,2000
8/3/2000,276,Sockeye,2000
8/4/2000,495,Sockeye,2000
8/5/2000,376,Sockeye,2000
8/6/2000,265,Sockeye,2000
8/7/2000,361,Sockeye,2000
8/8/2000,193,Sockeye,2000
5/2/2001,0,Sockeye,2001
5/3/2001,0,Sockeye,2001
5/4/2001,0,Sockeye,2001
5/5/2001,0,Sockeye,2001
5/6/2001,0,Sockeye,2001
5/7/2001,0,Sockeye,2001
5/8/2001,0,Sockeye,2001
5/9/2001,0,Sockeye,2001
5/10/2001,0,Sockeye,2001
5/11/2001,0,Sockeye,2001
5/12/2001,0,Sockeye,2001
5/13/2001,0,Sockeye,2001
5/14/2001,0,Sockeye,2001
5/15/2001,0,Sockeye,2001
5/16/2001,0,Sockeye,2001
5/17/2001,0,Sockeye,2001
5/18/2001,0,Sockeye,2001
5/19/2001,0,Sockeye,2001
5/20/2001,0,Sockeye,2001
5/21/2001,0,Sockeye,2001
5/22/2001,0,Sockeye,2001
5/23/2001,0,Sockeye,2001
5/24/2001,0,Sockeye,2001
5/25/2001,3,Sockeye,2001
5/26/2001,2,Sockeye,2001
5/27/2001,11,Sockeye,2001
5/28/2001,0,Sockeye,2001
5/29/2001,6,Sockeye,2001
5/30/2001,13,Sockeye,2001
5/31/2001,0,Sockeye,2001
6/1/2001,172,Sockeye,2001
6/2/2001,5,Sockeye,2001
6/3/2001,11,Sockeye,2001
6/4/2001,0,Sockeye,2001
6/5/2001,98,Sockeye,2001
6/6/2001,562,Sockeye,2001
6/7/2001,709,Sockeye,2001
6/8/2001,1459,Sockeye,2001
6/9/2001,496,Sockeye,2001
6/10/2001,796,Sockeye,2001
6/11/2001,178,Sockeye,2001
6/12/2001,3,Sockeye,2001
6/13/2001,0,Sockeye,2001
6/14/2001,519,Sockeye,2001
6/15/2001,707,Sockeye,2001
6/16/2001,351,Sockeye,2001
6/17/2001,424,Sockeye,2001
6/18/2001,1477,Sockeye,2001
6/19/2001,85,Sockeye,2001
6/20/2001,309,Sockeye,2001
6/21/2001,144,Sockeye,2001
6/22/2001,710,Sockeye,2001
6/23/2001,962,Sockeye,2001
6/24/2001,1938,Sockeye,2001
6/25/2001,866,Sockeye,2001
6/26/2001,849,Sockeye,2001
6/27/2001,1432,Sockeye,2001
6/28/2001,181,Sockeye,2001
6/29/2001,311,Sockeye,2001
6/30/2001,1918,Sockeye,2001
7/1/2001,1453,Sockeye,2001
7/2/2001,3161,Sockeye,2001
7/3/2001,498,Sockeye,2001
7/4/2001,47,Sockeye,2001
7/5/2001,302,Sockeye,2001
7/6/2001,1379,Sockeye,2001
7/7/2001,648,Sockeye,2001
7/8/2001,1464,Sockeye,2001
7/9/2001,807,Sockeye,2001
7/10/2001,307,Sockeye,2001
7/11/2001,138,Sockeye,2001
7/12/2001,44,Sockeye,2001
7/13/2001,936,Sockeye,2001
7/14/2001,3217,Sockeye,2001
7/15/2001,2134,Sockeye,2001
7/16/2001,2716,Sockeye,2001
7/17/2001,2610,Sockeye,2001
7/18/2001,984,Sockeye,2001
7/19/2001,2432,Sockeye,2001
7/20/2001,2365,Sockeye,2001
7/21/2001,1611,Sockeye,2001
7/22/2001,2117,Sockeye,2001
7/23/2001,603,Sockeye,2001
7/24/2001,331,Sockeye,2001
7/25/2001,1410,Sockeye,2001
7/26/2001,1530,Sockeye,2001
7/27/2001,1453,Sockeye,2001
7/28/2001,555,Sockeye,2001
7/29/2001,723,Sockeye,2001
7/30/2001,1317,Sockeye,2001
7/31/2001,337,Sockeye,2001
8/1/2001,454,Sockeye,2001
8/2/2001,363,Sockeye,2001
8/3/2001,855,Sockeye,2001
8/4/2001,507,Sockeye,2001
8/5/2001,615,Sockeye,2001
8/6/2001,117,Sockeye,2001
8/7/2001,27,Sockeye,2001
8/8/2001,60,Sockeye,2001
5/10/2002,0,Sockeye,2002
5/11/2002,0,Sockeye,2002
5/12/2002,0,Sockeye,2002
5/13/2002,0,Sockeye,2002
5/14/2002,0,Sockeye,2002
5/15/2002,0,Sockeye,2002
5/16/2002,0,Sockeye,2002
5/17/2002,0,Sockeye,2002
5/18/2002,0,Sockeye,2002
5/19/2002,0,Sockeye,2002
5/20/2002,0,Sockeye,2002
5/21/2002,0,Sockeye,2002
5/22/2002,0,Sockeye,2002
5/23/2002,0,Sockeye,2002
5/24/2002,0,Sockeye,2002
5/25/2002,0,Sockeye,2002
5/26/2002,0,Sockeye,2002
5/27/2002,2,Sockeye,2002
5/28/2002,2,Sockeye,2002
5/29/2002,0,Sockeye,2002
5/30/2002,5,Sockeye,2002
5/31/2002,19,Sockeye,2002
6/1/2002,28,Sockeye,2002
6/2/2002,57,Sockeye,2002
6/3/2002,0,Sockeye,2002
6/4/2002,110,Sockeye,2002
6/5/2002,126,Sockeye,2002
6/6/2002,0,Sockeye,2002
6/7/2002,274,Sockeye,2002
6/8/2002,5,Sockeye,2002
6/9/2002,541,Sockeye,2002
6/10/2002,783,Sockeye,2002
6/11/2002,42,Sockeye,2002
6/12/2002,288,Sockeye,2002
6/13/2002,0,Sockeye,2002
6/14/2002,223,Sockeye,2002
6/15/2002,1465,Sockeye,2002
6/16/2002,1457,Sockeye,2002
6/17/2002,110,Sockeye,2002
6/18/2002,618,Sockeye,2002
6/19/2002,94,Sockeye,2002
6/20/2002,1885,Sockeye,2002
6/21/2002,1230,Sockeye,2002
6/22/2002,2523,Sockeye,2002
6/23/2002,1233,Sockeye,2002
6/24/2002,1857,Sockeye,2002
6/25/2002,1246,Sockeye,2002
6/26/2002,73,Sockeye,2002
6/27/2002,992,Sockeye,2002
6/28/2002,2763,Sockeye,2002
6/29/2002,475,Sockeye,2002
6/30/2002,2405,Sockeye,2002
7/1/2002,1208,Sockeye,2002
7/2/2002,722,Sockeye,2002
7/3/2002,1322,Sockeye,2002
7/4/2002,357,Sockeye,2002
7/5/2002,868,Sockeye,2002
7/6/2002,1877,Sockeye,2002
7/7/2002,7643,Sockeye,2002
7/8/2002,2757,Sockeye,2002
7/9/2002,1583,Sockeye,2002
7/10/2002,58,Sockeye,2002
7/11/2002,2747,Sockeye,2002
7/12/2002,723,Sockeye,2002
7/13/2002,5533,Sockeye,2002
7/14/2002,2378,Sockeye,2002
7/15/2002,528,Sockeye,2002
7/16/2002,5315,Sockeye,2002
7/17/2002,112,Sockeye,2002
7/18/2002,2524,Sockeye,2002
7/19/2002,0,Sockeye,2002
7/20/2002,609,Sockeye,2002
7/21/2002,172,Sockeye,2002
7/22/2002,19,Sockeye,2002
7/23/2002,821,Sockeye,2002
7/24/2002,503,Sockeye,2002
7/25/2002,15,Sockeye,2002
7/26/2002,203,Sockeye,2002
7/27/2002,97,Sockeye,2002
7/28/2002,69,Sockeye,2002
7/29/2002,236,Sockeye,2002
7/30/2002,1108,Sockeye,2002
7/31/2002,215,Sockeye,2002
8/1/2002,517,Sockeye,2002
8/2/2002,351,Sockeye,2002
8/3/2002,798,Sockeye,2002
8/4/2002,868,Sockeye,2002
8/5/2002,828,Sockeye,2002
8/6/2002,127,Sockeye,2002
8/7/2002,31,Sockeye,2002
5/1/2003,0,Sockeye,2003
5/2/2003,0,Sockeye,2003
5/3/2003,0,Sockeye,2003
5/4/2003,0,Sockeye,2003
5/5/2003,0,Sockeye,2003
5/6/2003,0,Sockeye,2003
5/7/2003,0,Sockeye,2003
5/8/2003,0,Sockeye,2003
5/9/2003,0,Sockeye,2003
5/10/2003,0,Sockeye,2003
5/11/2003,0,Sockeye,2003
5/12/2003,0,Sockeye,2003
5/13/2003,0,Sockeye,2003
5/14/2003,0,Sockeye,2003
5/15/2003,0,Sockeye,2003
5/16/2003,0,Sockeye,2003
5/17/2003,0,Sockeye,2003
5/18/2003,0,Sockeye,2003
5/19/2003,0,Sockeye,2003
5/20/2003,0,Sockeye,2003
5/21/2003,0,Sockeye,2003
5/22/2003,0,Sockeye,2003
5/23/2003,0,Sockeye,2003
5/24/2003,0,Sockeye,2003
5/25/2003,0,Sockeye,2003
5/26/2003,0,Sockeye,2003
5/27/2003,3,Sockeye,2003
5/28/2003,9,Sockeye,2003
5/29/2003,0,Sockeye,2003
5/30/2003,15,Sockeye,2003
5/31/2003,8,Sockeye,2003
6/1/2003,1,Sockeye,2003
6/2/2003,300,Sockeye,2003
6/3/2003,183,Sockeye,2003
6/4/2003,355,Sockeye,2003
6/5/2003,7,Sockeye,2003
6/6/2003,1146,Sockeye,2003
6/7/2003,70,Sockeye,2003
6/8/2003,174,Sockeye,2003
6/9/2003,960,Sockeye,2003
6/10/2003,414,Sockeye,2003
6/11/2003,453,Sockeye,2003
6/12/2003,65,Sockeye,2003
6/13/2003,104,Sockeye,2003
6/14/2003,2098,Sockeye,2003
6/15/2003,1092,Sockeye,2003
6/16/2003,128,Sockeye,2003
6/17/2003,322,Sockeye,2003
6/18/2003,1262,Sockeye,2003
6/19/2003,500,Sockeye,2003
6/20/2003,274,Sockeye,2003
6/21/2003,486,Sockeye,2003
6/22/2003,1366,Sockeye,2003
6/23/2003,317,Sockeye,2003
6/24/2003,1540,Sockeye,2003
6/25/2003,672,Sockeye,2003
6/26/2003,1216,Sockeye,2003
6/27/2003,1539,Sockeye,2003
6/28/2003,1211,Sockeye,2003
6/29/2003,4090,Sockeye,2003
6/30/2003,3672,Sockeye,2003
7/1/2003,1487,Sockeye,2003
7/2/2003,151,Sockeye,2003
7/3/2003,2446,Sockeye,2003
7/4/2003,2719,Sockeye,2003
7/5/2003,2436,Sockeye,2003
7/6/2003,5246,Sockeye,2003
7/7/2003,4917,Sockeye,2003
7/8/2003,1004,Sockeye,2003
7/9/2003,34,Sockeye,2003
7/10/2003,248,Sockeye,2003
7/11/2003,1701,Sockeye,2003
7/12/2003,431,Sockeye,2003
7/13/2003,1187,Sockeye,2003
7/14/2003,1605,Sockeye,2003
7/15/2003,1148,Sockeye,2003
7/16/2003,239,Sockeye,2003
7/17/2003,1255,Sockeye,2003
7/18/2003,2099,Sockeye,2003
7/19/2003,2203,Sockeye,2003
7/20/2003,1492,Sockeye,2003
7/21/2003,1504,Sockeye,2003
7/22/2003,2469,Sockeye,2003
7/23/2003,3263,Sockeye,2003
7/24/2003,2383,Sockeye,2003
7/25/2003,2121,Sockeye,2003
7/26/2003,2286,Sockeye,2003
7/27/2003,730,Sockeye,2003
7/28/2003,1144,Sockeye,2003
7/29/2003,824,Sockeye,2003
7/30/2003,639,Sockeye,2003
7/31/2003,2992,Sockeye,2003
8/1/2003,2474,Sockeye,2003
8/2/2003,955,Sockeye,2003
8/3/2003,1759,Sockeye,2003
8/4/2003,1222,Sockeye,2003
8/5/2003,651,Sockeye,2003
8/6/2003,530,Sockeye,2003
8/7/2003,807,Sockeye,2003
8/8/2003,867,Sockeye,2003
5/8/2004,0,Sockeye,2004
5/9/2004,0,Sockeye,2004
5/10/2004,0,Sockeye,2004
5/11/2004,0,Sockeye,2004
5/12/2004,0,Sockeye,2004
5/13/2004,0,Sockeye,2004
5/14/2004,0,Sockeye,2004
5/15/2004,0,Sockeye,2004
5/16/2004,0,Sockeye,2004
5/17/2004,0,Sockeye,2004
5/18/2004,0,Sockeye,2004
5/19/2004,0,Sockeye,2004
5/20/2004,0,Sockeye,2004
5/21/2004,0,Sockeye,2004
5/22/2004,0,Sockeye,2004
5/23/2004,0,Sockeye,2004
5/24/2004,0,Sockeye,2004
5/25/2004,0,Sockeye,2004
5/26/2004,0,Sockeye,2004
5/27/2004,0,Sockeye,2004
5/28/2004,0,Sockeye,2004
5/29/2004,3,Sockeye,2004
5/30/2004,4,Sockeye,2004
5/31/2004,0,Sockeye,2004
6/1/2004,7,Sockeye,2004
6/2/2004,22,Sockeye,2004
6/3/2004,0,Sockeye,2004
6/4/2004,61,Sockeye,2004
6/5/2004,247,Sockeye,2004
6/6/2004,87,Sockeye,2004
6/7/2004,39,Sockeye,2004
6/8/2004,751,Sockeye,2004
6/9/2004,3,Sockeye,2004
6/10/2004,163,Sockeye,2004
6/11/2004,138,Sockeye,2004
6/12/2004,324,Sockeye,2004
6/13/2004,126,Sockeye,2004
6/14/2004,328,Sockeye,2004
6/15/2004,281,Sockeye,2004
6/16/2004,4,Sockeye,2004
6/17/2004,944,Sockeye,2004
6/18/2004,894,Sockeye,2004
6/19/2004,234,Sockeye,2004
6/20/2004,1946,Sockeye,2004
6/21/2004,74,Sockeye,2004
6/22/2004,75,Sockeye,2004
6/23/2004,752,Sockeye,2004
6/24/2004,505,Sockeye,2004
6/25/2004,1949,Sockeye,2004
6/26/2004,848,Sockeye,2004
6/27/2004,319,Sockeye,2004
6/28/2004,976,Sockeye,2004
6/29/2004,90,Sockeye,2004
6/30/2004,0,Sockeye,2004
7/1/2004,882,Sockeye,2004
7/2/2004,1670,Sockeye,2004
7/3/2004,2124,Sockeye,2004
7/4/2004,768,Sockeye,2004
7/5/2004,905,Sockeye,2004
7/6/2004,514,Sockeye,2004
7/7/2004,1066,Sockeye,2004
7/8/2004,1197,Sockeye,2004
7/9/2004,337,Sockeye,2004
7/10/2004,555,Sockeye,2004
7/11/2004,802,Sockeye,2004
7/12/2004,1732,Sockeye,2004
7/13/2004,305,Sockeye,2004
7/14/2004,49,Sockeye,2004
7/15/2004,2629,Sockeye,2004
7/16/2004,1583,Sockeye,2004
7/17/2004,1001,Sockeye,2004
7/18/2004,1173,Sockeye,2004
7/19/2004,41,Sockeye,2004
7/20/2004,1009,Sockeye,2004
7/21/2004,1918,Sockeye,2004
7/22/2004,274,Sockeye,2004
7/23/2004,548,Sockeye,2004
7/24/2004,2350,Sockeye,2004
7/25/2004,569,Sockeye,2004
7/26/2004,656,Sockeye,2004
7/27/2004,944,Sockeye,2004
7/28/2004,90,Sockeye,2004
7/29/2004,782,Sockeye,2004
7/30/2004,77,Sockeye,2004
7/31/2004,92,Sockeye,2004
8/1/2004,597,Sockeye,2004
8/2/2004,553,Sockeye,2004
8/3/2004,209,Sockeye,2004
8/4/2004,112,Sockeye,2004
8/5/2004,590,Sockeye,2004
8/6/2004,101,Sockeye,2004
8/7/2004,98,Sockeye,2004
8/8/2004,182,Sockeye,2004
5/1/2005,0,Sockeye,2005
5/2/2005,0,Sockeye,2005
5/3/2005,0,Sockeye,2005
5/4/2005,0,Sockeye,2005
5/5/2005,0,Sockeye,2005
5/6/2005,0,Sockeye,2005
5/7/2005,0,Sockeye,2005
5/8/2005,0,Sockeye,2005
5/9/2005,0,Sockeye,2005
5/10/2005,0,Sockeye,2005
5/11/2005,0,Sockeye,2005
5/12/2005,0,Sockeye,2005
5/13/2005,0,Sockeye,2005
5/14/2005,0,Sockeye,2005
5/15/2005,0,Sockeye,2005
5/16/2005,0,Sockeye,2005
5/17/2005,0,Sockeye,2005
5/18/2005,0,Sockeye,2005
5/19/2005,0,Sockeye,2005
5/20/2005,0,Sockeye,2005
5/21/2005,0,Sockeye,2005
5/22/2005,0,Sockeye,2005
5/23/2005,0,Sockeye,2005
5/24/2005,0,Sockeye,2005
5/25/2005,154,Sockeye,2005
5/26/2005,57,Sockeye,2005
5/27/2005,1028,Sockeye,2005
5/28/2005,101,Sockeye,2005
5/29/2005,727,Sockeye,2005
5/30/2005,946,Sockeye,2005
5/31/2005,741,Sockeye,2005
6/1/2005,1072,Sockeye,2005
6/2/2005,688,Sockeye,2005
6/3/2005,1266,Sockeye,2005
6/4/2005,332,Sockeye,2005
6/5/2005,1753,Sockeye,2005
6/6/2005,1241,Sockeye,2005
6/7/2005,910,Sockeye,2005
6/8/2005,1309,Sockeye,2005
6/9/2005,1353,Sockeye,2005
6/10/2005,608,Sockeye,2005
6/11/2005,307,Sockeye,2005
6/12/2005,498,Sockeye,2005
6/13/2005,528,Sockeye,2005
6/14/2005,115,Sockeye,2005
6/15/2005,395,Sockeye,2005
6/16/2005,273,Sockeye,2005
6/17/2005,593,Sockeye,2005
6/18/2005,1781,Sockeye,2005
6/19/2005,396,Sockeye,2005
6/20/2005,1805,Sockeye,2005
6/21/2005,147,Sockeye,2005
6/22/2005,686,Sockeye,2005
6/23/2005,2044,Sockeye,2005
6/24/2005,2113,Sockeye,2005
6/25/2005,1187,Sockeye,2005
6/26/2005,2048,Sockeye,2005
6/27/2005,2941,Sockeye,2005
6/28/2005,555,Sockeye,2005
6/29/2005,539,Sockeye,2005
6/30/2005,528,Sockeye,2005
7/1/2005,679,Sockeye,2005
7/2/2005,2405,Sockeye,2005
7/3/2005,1544,Sockeye,2005
7/4/2005,1516,Sockeye,2005
7/5/2005,396,Sockeye,2005
7/6/2005,1251,Sockeye,2005
7/7/2005,2792,Sockeye,2005
7/8/2005,1632,Sockeye,2005
7/9/2005,4175,Sockeye,2005
7/10/2005,450,Sockeye,2005
7/11/2005,2005,Sockeye,2005
7/12/2005,1875,Sockeye,2005
7/13/2005,159,Sockeye,2005
7/14/2005,318,Sockeye,2005
7/15/2005,275,Sockeye,2005
7/16/2005,969,Sockeye,2005
7/17/2005,450,Sockeye,2005
7/18/2005,668,Sockeye,2005
7/19/2005,2549,Sockeye,2005
7/20/2005,627,Sockeye,2005
7/21/2005,700,Sockeye,2005
7/22/2005,808,Sockeye,2005
7/23/2005,930,Sockeye,2005
7/24/2005,726,Sockeye,2005
7/25/2005,188,Sockeye,2005
7/26/2005,216,Sockeye,2005
7/27/2005,1150,Sockeye,2005
7/28/2005,493,Sockeye,2005
7/29/2005,176,Sockeye,2005
7/30/2005,132,Sockeye,2005
7/31/2005,457,Sockeye,2005
5/1/2006,0,Sockeye,2006
5/2/2006,0,Sockeye,2006
5/3/2006,0,Sockeye,2006
5/4/2006,0,Sockeye,2006
5/5/2006,0,Sockeye,2006
5/6/2006,0,Sockeye,2006
5/7/2006,0,Sockeye,2006
5/8/2006,0,Sockeye,2006
5/9/2006,0,Sockeye,2006
5/10/2006,0,Sockeye,2006
5/11/2006,0,Sockeye,2006
5/12/2006,0,Sockeye,2006
5/13/2006,0,Sockeye,2006
5/14/2006,0,Sockeye,2006
5/15/2006,0,Sockeye,2006
5/16/2006,0,Sockeye,2006
5/17/2006,0,Sockeye,2006
5/18/2006,0,Sockeye,2006
5/19/2006,0,Sockeye,2006
5/20/2006,0,Sockeye,2006
5/21/2006,0,Sockeye,2006
5/22/2006,0,Sockeye,2006
5/23/2006,0,Sockeye,2006
5/24/2006,0,Sockeye,2006
5/25/2006,0,Sockeye,2006
5/26/2006,0,Sockeye,2006
5/27/2006,0,Sockeye,2006
5/28/2006,0,Sockeye,2006
5/29/2006,0,Sockeye,2006
5/30/2006,0,Sockeye,2006
5/31/2006,0,Sockeye,2006
6/1/2006,0,Sockeye,2006
6/2/2006,0,Sockeye,2006
6/3/2006,0,Sockeye,2006
6/4/2006,0,Sockeye,2006
6/5/2006,0,Sockeye,2006
6/6/2006,0,Sockeye,2006
6/7/2006,35,Sockeye,2006
6/8/2006,0,Sockeye,2006
6/9/2006,1,Sockeye,2006
6/10/2006,0,Sockeye,2006
6/11/2006,0,Sockeye,2006
6/12/2006,443,Sockeye,2006
6/13/2006,30,Sockeye,2006
6/14/2006,395,Sockeye,2006
6/15/2006,0,Sockeye,2006
6/16/2006,2,Sockeye,2006
6/17/2006,1298,Sockeye,2006
6/18/2006,433,Sockeye,2006
6/19/2006,26,Sockeye,2006
6/20/2006,90,Sockeye,2006
6/21/2006,12,Sockeye,2006
6/22/2006,165,Sockeye,2006
6/23/2006,2163,Sockeye,2006
6/24/2006,610,Sockeye,2006
6/25/2006,1265,Sockeye,2006
6/26/2006,986,Sockeye,2006
6/27/2006,1438,Sockeye,2006
6/28/2006,1093,Sockeye,2006
6/29/2006,1205,Sockeye,2006
6/30/2006,1086,Sockeye,2006
7/1/2006,3271,Sockeye,2006
7/2/2006,2067,Sockeye,2006
7/3/2006,2256,Sockeye,2006
7/4/2006,1917,Sockeye,2006
7/5/2006,422,Sockeye,2006
7/6/2006,753,Sockeye,2006
7/7/2006,3048,Sockeye,2006
7/8/2006,1706,Sockeye,2006
7/9/2006,2758,Sockeye,2006
7/10/2006,1223,Sockeye,2006
7/11/2006,190,Sockeye,2006
7/12/2006,2025,Sockeye,2006
7/13/2006,1734,Sockeye,2006
7/14/2006,4660,Sockeye,2006
7/15/2006,1756,Sockeye,2006
7/16/2006,1972,Sockeye,2006
7/17/2006,273,Sockeye,2006
7/18/2006,2065,Sockeye,2006
7/19/2006,2199,Sockeye,2006
7/20/2006,202,Sockeye,2006
7/21/2006,2496,Sockeye,2006
7/22/2006,2033,Sockeye,2006
7/23/2006,3276,Sockeye,2006
7/24/2006,427,Sockeye,2006
7/25/2006,4285,Sockeye,2006
7/26/2006,2658,Sockeye,2006
7/27/2006,202,Sockeye,2006
7/28/2006,919,Sockeye,2006
7/29/2006,2258,Sockeye,2006
7/30/2006,2218,Sockeye,2006
7/31/2006,1151,Sockeye,2006
8/1/2006,427,Sockeye,2006
8/2/2006,2945,Sockeye,2006
8/3/2006,1354,Sockeye,2006
8/4/2006,531,Sockeye,2006
8/5/2006,749,Sockeye,2006
8/6/2006,1185,Sockeye,2006
8/7/2006,1458,Sockeye,2006
8/8/2006,1892,Sockeye,2006
8/9/2006,492,Sockeye,2006
8/10/2006,410,Sockeye,2006
8/11/2006,505,Sockeye,2006
8/12/2006,2114,Sockeye,2006
8/13/2006,3801,Sockeye,2006
8/14/2006,614,Sockeye,2006
8/15/2006,678,Sockeye,2006
5/10/2007,0,Sockeye,2007
5/11/2007,0,Sockeye,2007
5/12/2007,0,Sockeye,2007
5/13/2007,0,Sockeye,2007
5/14/2007,0,Sockeye,2007
5/15/2007,0,Sockeye,2007
5/16/2007,0,Sockeye,2007
5/17/2007,0,Sockeye,2007
5/18/2007,0,Sockeye,2007
5/19/2007,0,Sockeye,2007
5/20/2007,0,Sockeye,2007
5/21/2007,0,Sockeye,2007
5/22/2007,0,Sockeye,2007
5/23/2007,0,Sockeye,2007
5/24/2007,0,Sockeye,2007
5/25/2007,0,Sockeye,2007
5/26/2007,0,Sockeye,2007
5/27/2007,0,Sockeye,2007
5/28/2007,0,Sockeye,2007
5/29/2007,0,Sockeye,2007
5/30/2007,1,Sockeye,2007
5/31/2007,0,Sockeye,2007
6/1/2007,0,Sockeye,2007
6/2/2007,3,Sockeye,2007
6/3/2007,4,Sockeye,2007
6/4/2007,3,Sockeye,2007
6/5/2007,6,Sockeye,2007
6/6/2007,256,Sockeye,2007
6/7/2007,8,Sockeye,2007
6/8/2007,0,Sockeye,2007
6/9/2007,11,Sockeye,2007
6/10/2007,247,Sockeye,2007
6/11/2007,152,Sockeye,2007
6/12/2007,3,Sockeye,2007
6/13/2007,0,Sockeye,2007
6/14/2007,109,Sockeye,2007
6/15/2007,0,Sockeye,2007
6/16/2007,314,Sockeye,2007
6/17/2007,597,Sockeye,2007
6/18/2007,996,Sockeye,2007
6/19/2007,656,Sockeye,2007
6/20/2007,1013,Sockeye,2007
6/21/2007,293,Sockeye,2007
6/22/2007,43,Sockeye,2007
6/23/2007,32,Sockeye,2007
6/24/2007,934,Sockeye,2007
6/25/2007,232,Sockeye,2007
6/26/2007,692,Sockeye,2007
6/27/2007,34,Sockeye,2007
6/28/2007,198,Sockeye,2007
6/29/2007,670,Sockeye,2007
6/30/2007,1300,Sockeye,2007
7/1/2007,1076,Sockeye,2007
7/2/2007,771,Sockeye,2007
7/3/2007,27,Sockeye,2007
7/4/2007,959,Sockeye,2007
7/5/2007,844,Sockeye,2007
7/6/2007,1210,Sockeye,2007
7/7/2007,1313,Sockeye,2007
7/8/2007,841,Sockeye,2007
7/9/2007,1987,Sockeye,2007
7/10/2007,421,Sockeye,2007
7/11/2007,1570,Sockeye,2007
7/12/2007,438,Sockeye,2007
7/13/2007,1990,Sockeye,2007
7/14/2007,3305,Sockeye,2007
7/15/2007,1824,Sockeye,2007
7/16/2007,1255,Sockeye,2007
7/17/2007,623,Sockeye,2007
7/18/2007,1301,Sockeye,2007
7/19/2007,1141,Sockeye,2007
7/20/2007,443,Sockeye,2007
7/21/2007,1855,Sockeye,2007
7/22/2007,1206,Sockeye,2007
7/23/2007,4679,Sockeye,2007
7/24/2007,670,Sockeye,2007
7/25/2007,1370,Sockeye,2007
7/26/2007,430,Sockeye,2007
7/27/2007,135,Sockeye,2007
7/28/2007,2043,Sockeye,2007
7/29/2007,511,Sockeye,2007
7/30/2007,2755,Sockeye,2007
7/31/2007,1242,Sockeye,2007
8/1/2007,1683,Sockeye,2007
8/2/2007,845,Sockeye,2007
8/3/2007,436,Sockeye,2007
8/4/2007,656,Sockeye,2007
8/5/2007,1428,Sockeye,2007
8/6/2007,2122,Sockeye,2007
8/7/2007,1049,Sockeye,2007
8/8/2007,1018,Sockeye,2007
8/9/2007,885,Sockeye,2007
8/10/2007,1017,Sockeye,2007
8/11/2007,330,Sockeye,2007
8/12/2007,1032,Sockeye,2007
8/13/2007,256,Sockeye,2007
5/10/2008,0,Sockeye,2008
5/11/2008,0,Sockeye,2008
5/12/2008,0,Sockeye,2008
5/13/2008,0,Sockeye,2008
5/14/2008,0,Sockeye,2008
5/15/2008,0,Sockeye,2008
5/16/2008,0,Sockeye,2008
5/17/2008,0,Sockeye,2008
5/18/2008,0,Sockeye,2008
5/19/2008,0,Sockeye,2008
5/20/2008,0,Sockeye,2008
5/21/2008,0,Sockeye,2008
5/22/2008,0,Sockeye,2008
5/23/2008,0,Sockeye,2008
5/24/2008,0,Sockeye,2008
5/25/2008,0,Sockeye,2008
5/26/2008,0,Sockeye,2008
5/27/2008,0,Sockeye,2008
5/28/2008,0,Sockeye,2008
5/29/2008,0,Sockeye,2008
5/30/2008,0,Sockeye,2008
5/31/2008,0,Sockeye,2008
6/1/2008,0,Sockeye,2008
6/2/2008,0,Sockeye,2008
6/3/2008,0,Sockeye,2008
6/4/2008,0,Sockeye,2008
6/5/2008,0,Sockeye,2008
6/6/2008,0,Sockeye,2008
6/7/2008,0,Sockeye,2008
6/8/2008,0,Sockeye,2008
6/9/2008,0,Sockeye,2008
6/10/2008,0,Sockeye,2008
6/11/2008,0,Sockeye,2008
6/12/2008,5,Sockeye,2008
6/13/2008,0,Sockeye,2008
6/14/2008,0,Sockeye,2008
6/15/2008,0,Sockeye,2008
6/16/2008,0,Sockeye,2008
6/17/2008,0,Sockeye,2008
6/18/2008,0,Sockeye,2008
6/19/2008,0,Sockeye,2008
6/20/2008,240,Sockeye,2008
6/21/2008,331,Sockeye,2008
6/22/2008,1503,Sockeye,2008
6/23/2008,42,Sockeye,2008
6/24/2008,392,Sockeye,2008
6/25/2008,97,Sockeye,2008
6/26/2008,108,Sockeye,2008
6/27/2008,53,Sockeye,2008
6/28/2008,1042,Sockeye,2008
6/29/2008,1481,Sockeye,2008
6/30/2008,849,Sockeye,2008
7/1/2008,53,Sockeye,2008
7/2/2008,1266,Sockeye,2008
7/3/2008,2130,Sockeye,2008
7/4/2008,2173,Sockeye,2008
7/5/2008,1032,Sockeye,2008
7/6/2008,411,Sockeye,2008
7/7/2008,700,Sockeye,2008
7/8/2008,294,Sockeye,2008
7/9/2008,568,Sockeye,2008
7/10/2008,257,Sockeye,2008
7/11/2008,272,Sockeye,2008
7/12/2008,1417,Sockeye,2008
7/13/2008,26,Sockeye,2008
7/14/2008,1131,Sockeye,2008
7/15/2008,1782,Sockeye,2008
7/16/2008,139,Sockeye,2008
7/17/2008,143,Sockeye,2008
7/18/2008,1455,Sockeye,2008
7/19/2008,610,Sockeye,2008
7/20/2008,410,Sockeye,2008
7/21/2008,2,Sockeye,2008
7/22/2008,80,Sockeye,2008
7/23/2008,26,Sockeye,2008
5/9/2009,0,Sockeye,2009
5/10/2009,0,Sockeye,2009
5/11/2009,0,Sockeye,2009
5/12/2009,0,Sockeye,2009
5/13/2009,0,Sockeye,2009
5/14/2009,0,Sockeye,2009
5/15/2009,0,Sockeye,2009
5/16/2009,5,Sockeye,2009
5/17/2009,0,Sockeye,2009
5/18/2009,0,Sockeye,2009
5/19/2009,0,Sockeye,2009
5/20/2009,0,Sockeye,2009
5/21/2009,0,Sockeye,2009
5/22/2009,0,Sockeye,2009
5/23/2009,0,Sockeye,2009
5/24/2009,0,Sockeye,2009
5/25/2009,0,Sockeye,2009
5/26/2009,0,Sockeye,2009
5/27/2009,0,Sockeye,2009
5/28/2009,0,Sockeye,2009
5/29/2009,0,Sockeye,2009
5/30/2009,0,Sockeye,2009
5/31/2009,5,Sockeye,2009
6/1/2009,1311,Sockeye,2009
6/2/2009,826,Sockeye,2009
6/3/2009,368,Sockeye,2009
6/4/2009,1370,Sockeye,2009
6/5/2009,66,Sockeye,2009
6/6/2009,186,Sockeye,2009
6/7/2009,624,Sockeye,2009
6/8/2009,390,Sockeye,2009
6/9/2009,307,Sockeye,2009
6/10/2009,289,Sockeye,2009
6/11/2009,535,Sockeye,2009
6/12/2009,21,Sockeye,2009
6/13/2009,228,Sockeye,2009
6/14/2009,761,Sockeye,2009
6/15/2009,221,Sockeye,2009
6/16/2009,424,Sockeye,2009
6/17/2009,233,Sockeye,2009
6/18/2009,886,Sockeye,2009
6/19/2009,1533,Sockeye,2009
6/20/2009,368,Sockeye,2009
6/21/2009,2214,Sockeye,2009
6/22/2009,1228,Sockeye,2009
6/23/2009,407,Sockeye,2009
6/24/2009,2177,Sockeye,2009
6/25/2009,1291,Sockeye,2009
6/26/2009,991,Sockeye,2009
6/27/2009,3822,Sockeye,2009
6/28/2009,1671,Sockeye,2009
6/29/2009,1286,Sockeye,2009
6/30/2009,2706,Sockeye,2009
7/1/2009,472,Sockeye,2009
7/2/2009,731,Sockeye,2009
7/3/2009,1962,Sockeye,2009
7/4/2009,2468,Sockeye,2009
7/5/2009,2828,Sockeye,2009
7/6/2009,704,Sockeye,2009
7/7/2009,1180,Sockeye,2009
7/8/2009,5,Sockeye,2009
7/9/2009,1324,Sockeye,2009
7/10/2009,6550,Sockeye,2009
7/11/2009,2791,Sockeye,2009
7/12/2009,5742,Sockeye,2009
7/13/2009,2611,Sockeye,2009
7/14/2009,2313,Sockeye,2009
7/15/2009,176,Sockeye,2009
7/16/2009,125,Sockeye,2009
7/17/2009,688,Sockeye,2009
7/18/2009,4395,Sockeye,2009
7/19/2009,1499,Sockeye,2009
7/20/2009,1813,Sockeye,2009
7/21/2009,744,Sockeye,2009
7/22/2009,1881,Sockeye,2009
7/23/2009,1716,Sockeye,2009
7/24/2009,1328,Sockeye,2009
7/25/2009,1212,Sockeye,2009
7/26/2009,2733,Sockeye,2009
7/27/2009,291,Sockeye,2009
7/28/2009,403,Sockeye,2009
7/29/2009,652,Sockeye,2009
7/30/2009,263,Sockeye,2009
7/31/2009,94,Sockeye,2009
8/1/2009,459,Sockeye,2009
8/2/2009,430,Sockeye,2009
8/3/2009,1124,Sockeye,2009
8/4/2009,908,Sockeye,2009
8/5/2009,594,Sockeye,2009
5/8/2010,0,Sockeye,2010
5/9/2010,0,Sockeye,2010
5/10/2010,0,Sockeye,2010
5/11/2010,0,Sockeye,2010
5/12/2010,0,Sockeye,2010
5/13/2010,0,Sockeye,2010
5/14/2010,0,Sockeye,2010
5/15/2010,0,Sockeye,2010
5/16/2010,0,Sockeye,2010
5/17/2010,0,Sockeye,2010
5/18/2010,0,Sockeye,2010
5/19/2010,0,Sockeye,2010
5/20/2010,0,Sockeye,2010
5/21/2010,0,Sockeye,2010
5/22/2010,0,Sockeye,2010
5/23/2010,0,Sockeye,2010
5/24/2010,0,Sockeye,2010
5/25/2010,0,Sockeye,2010
5/26/2010,0,Sockeye,2010
5/27/2010,0,Sockeye,2010
5/28/2010,0,Sockeye,2010
5/29/2010,1,Sockeye,2010
5/30/2010,0,Sockeye,2010
5/31/2010,0,Sockeye,2010
6/1/2010,0,Sockeye,2010
6/2/2010,2,Sockeye,2010
6/3/2010,4,Sockeye,2010
6/4/2010,0,Sockeye,2010
6/5/2010,25,Sockeye,2010
6/6/2010,34,Sockeye,2010
6/7/2010,0,Sockeye,2010
6/8/2010,36,Sockeye,2010
6/9/2010,200,Sockeye,2010
6/10/2010,206,Sockeye,2010
6/11/2010,0,Sockeye,2010
6/12/2010,0,Sockeye,2010
6/13/2010,1042,Sockeye,2010
6/14/2010,0,Sockeye,2010
6/15/2010,2,Sockeye,2010
6/16/2010,1015,Sockeye,2010
6/17/2010,8,Sockeye,2010
6/18/2010,382,Sockeye,2010
6/19/2010,1366,Sockeye,2010
6/20/2010,3739,Sockeye,2010
6/21/2010,2594,Sockeye,2010
6/22/2010,0,Sockeye,2010
6/23/2010,1686,Sockeye,2010
6/24/2010,1343,Sockeye,2010
6/25/2010,1023,Sockeye,2010
6/26/2010,734,Sockeye,2010
6/27/2010,1642,Sockeye,2010
6/28/2010,3995,Sockeye,2010
6/29/2010,1252,Sockeye,2010
6/30/2010,6,Sockeye,2010
7/1/2010,434,Sockeye,2010
7/2/2010,1549,Sockeye,2010
7/3/2010,437,Sockeye,2010
7/4/2010,3026,Sockeye,2010
7/5/2010,1856,Sockeye,2010
7/6/2010,1957,Sockeye,2010
7/7/2010,1474,Sockeye,2010
7/8/2010,990,Sockeye,2010
7/9/2010,1012,Sockeye,2010
7/10/2010,1140,Sockeye,2010
7/11/2010,932,Sockeye,2010
7/12/2010,787,Sockeye,2010
7/13/2010,643,Sockeye,2010
7/14/2010,742,Sockeye,2010
7/15/2010,255,Sockeye,2010
7/16/2010,970,Sockeye,2010
7/17/2010,2013,Sockeye,2010
7/18/2010,35,Sockeye,2010
7/19/2010,465,Sockeye,2010
7/20/2010,4,Sockeye,2010
7/21/2010,1604,Sockeye,2010
7/22/2010,1159,Sockeye,2010
7/23/2010,371,Sockeye,2010
7/24/2010,721,Sockeye,2010
7/25/2010,3469,Sockeye,2010
7/26/2010,1148,Sockeye,2010
7/27/2010,71,Sockeye,2010
7/28/2010,488,Sockeye,2010
7/29/2010,518,Sockeye,2010
7/30/2010,426,Sockeye,2010
7/31/2010,36,Sockeye,2010
8/1/2010,10,Sockeye,2010
8/2/2010,135,Sockeye,2010
8/3/2010,135,Sockeye,2010
8/4/2010,150,Sockeye,2010
5/6/2011,0,Sockeye,2011
5/7/2011,0,Sockeye,2011
5/8/2011,0,Sockeye,2011
5/9/2011,0,Sockeye,2011
5/10/2011,0,Sockeye,2011
5/11/2011,0,Sockeye,2011
5/12/2011,0,Sockeye,2011
5/13/2011,0,Sockeye,2011
5/14/2011,0,Sockeye,2011
5/15/2011,3,Sockeye,2011
5/16/2011,0,Sockeye,2011
5/17/2011,0,Sockeye,2011
5/18/2011,0,Sockeye,2011
5/19/2011,0,Sockeye,2011
5/20/2011,0,Sockeye,2011
5/21/2011,0,Sockeye,2011
5/22/2011,0,Sockeye,2011
5/23/2011,0,Sockeye,2011
5/24/2011,0,Sockeye,2011
5/25/2011,0,Sockeye,2011
5/26/2011,0,Sockeye,2011
5/27/2011,3,Sockeye,2011
5/28/2011,7,Sockeye,2011
5/29/2011,0,Sockeye,2011
5/30/2011,0,Sockeye,2011
5/31/2011,5,Sockeye,2011
6/1/2011,81,Sockeye,2011
6/2/2011,1,Sockeye,2011
6/3/2011,10,Sockeye,2011
6/4/2011,18,Sockeye,2011
6/5/2011,4,Sockeye,2011
6/6/2011,9,Sockeye,2011
6/7/2011,17,Sockeye,2011
6/8/2011,40,Sockeye,2011
6/9/2011,2,Sockeye,2011
6/10/2011,337,Sockeye,2011
6/11/2011,339,Sockeye,2011
6/12/2011,45,Sockeye,2011
6/13/2011,2,Sockeye,2011
6/14/2011,5,Sockeye,2011
6/15/2011,1568,Sockeye,2011
6/16/2011,618,Sockeye,2011
6/17/2011,3,Sockeye,2011
6/18/2011,467,Sockeye,2011
6/19/2011,174,Sockeye,2011
6/20/2011,476,Sockeye,2011
6/21/2011,83,Sockeye,2011
6/22/2011,3153,Sockeye,2011
6/23/2011,2153,Sockeye,2011
6/24/2011,709,Sockeye,2011
6/25/2011,714,Sockeye,2011
6/26/2011,1595,Sockeye,2011
6/27/2011,2499,Sockeye,2011
6/28/2011,2293,Sockeye,2011
6/29/2011,40,Sockeye,2011
6/30/2011,4877,Sockeye,2011
7/1/2011,3405,Sockeye,2011
7/2/2011,2075,Sockeye,2011
7/3/2011,2617,Sockeye,2011
7/4/2011,3967,Sockeye,2011
7/5/2011,77,Sockeye,2011
7/6/2011,394,Sockeye,2011
7/7/2011,218,Sockeye,2011
7/8/2011,5347,Sockeye,2011
7/9/2011,2921,Sockeye,2011
7/10/2011,4001,Sockeye,2011
7/11/2011,3293,Sockeye,2011
7/12/2011,2178,Sockeye,2011
7/13/2011,931,Sockeye,2011
7/14/2011,2512,Sockeye,2011
7/15/2011,816,Sockeye,2011
7/16/2011,3722,Sockeye,2011
7/17/2011,2357,Sockeye,2011
7/18/2011,1667,Sockeye,2011
7/19/2011,5826,Sockeye,2011
7/20/2011,2138,Sockeye,2011
7/21/2011,2091,Sockeye,2011
7/22/2011,1347,Sockeye,2011
7/23/2011,3384,Sockeye,2011
7/24/2011,621,Sockeye,2011
7/25/2011,789,Sockeye,2011
7/26/2011,788,Sockeye,2011
7/27/2011,609,Sockeye,2011
7/28/2011,367,Sockeye,2011
7/29/2011,1395,Sockeye,2011
7/30/2011,739,Sockeye,2011
7/31/2011,513,Sockeye,2011
8/1/2011,332,Sockeye,2011
8/2/2011,518,Sockeye,2011
8/3/2011,229,Sockeye,2011
8/4/2011,1913,Sockeye,2011
8/5/2011,265,Sockeye,2011
8/6/2011,1095,Sockeye,2011
8/7/2011,136,Sockeye,2011
5/18/2012,0,Sockeye,2012
5/19/2012,0,Sockeye,2012
5/20/2012,0,Sockeye,2012
5/21/2012,0,Sockeye,2012
5/22/2012,0,Sockeye,2012
5/23/2012,0,Sockeye,2012
5/24/2012,0,Sockeye,2012
5/25/2012,0,Sockeye,2012
5/26/2012,0,Sockeye,2012
5/27/2012,0,Sockeye,2012
5/28/2012,0,Sockeye,2012
5/29/2012,0,Sockeye,2012
5/30/2012,1,Sockeye,2012
5/31/2012,1,Sockeye,2012
6/1/2012,1,Sockeye,2012
6/2/2012,0,Sockeye,2012
6/3/2012,0,Sockeye,2012
6/4/2012,0,Sockeye,2012
6/5/2012,0,Sockeye,2012
6/6/2012,1,Sockeye,2012
6/7/2012,0,Sockeye,2012
6/8/2012,4,Sockeye,2012
6/9/2012,1,Sockeye,2012
6/10/2012,1,Sockeye,2012
6/11/2012,0,Sockeye,2012
6/12/2012,0,Sockeye,2012
6/13/2012,3,Sockeye,2012
6/14/2012,2,Sockeye,2012
6/15/2012,0,Sockeye,2012
6/16/2012,2,Sockeye,2012
6/17/2012,32,Sockeye,2012
6/18/2012,344,Sockeye,2012
6/19/2012,0,Sockeye,2012
6/20/2012,16,Sockeye,2012
6/21/2012,769,Sockeye,2012
6/22/2012,3053,Sockeye,2012
6/23/2012,462,Sockeye,2012
6/24/2012,65,Sockeye,2012
6/25/2012,340,Sockeye,2012
6/26/2012,4787,Sockeye,2012
6/27/2012,705,Sockeye,2012
6/28/2012,3098,Sockeye,2012
6/29/2012,54,Sockeye,2012
6/30/2012,1083,Sockeye,2012
7/1/2012,470,Sockeye,2012
7/2/2012,76,Sockeye,2012
7/3/2012,245,Sockeye,2012
7/4/2012,1379,Sockeye,2012
7/5/2012,1178,Sockeye,2012
7/6/2012,3300,Sockeye,2012
7/7/2012,1727,Sockeye,2012
7/8/2012,882,Sockeye,2012
7/9/2012,971,Sockeye,2012
7/10/2012,1304,Sockeye,2012
7/11/2012,1452,Sockeye,2012
7/12/2012,1715,Sockeye,2012
7/13/2012,937,Sockeye,2012
7/14/2012,679,Sockeye,2012
7/15/2012,77,Sockeye,2012
7/16/2012,552,Sockeye,2012
7/17/2012,819,Sockeye,2012
7/18/2012,975,Sockeye,2012
7/19/2012,2906,Sockeye,2012
7/20/2012,1184,Sockeye,2012
7/21/2012,508,Sockeye,2012
7/22/2012,552,Sockeye,2012
7/23/2012,199,Sockeye,2012
7/24/2012,657,Sockeye,2012
7/25/2012,3074,Sockeye,2012
7/26/2012,4320,Sockeye,2012
7/27/2012,2317,Sockeye,2012
7/28/2012,2265,Sockeye,2012
7/29/2012,2548,Sockeye,2012
7/30/2012,643,Sockeye,2012
7/31/2012,1152,Sockeye,2012
8/1/2012,591,Sockeye,2012
8/2/2012,1691,Sockeye,2012
8/3/2012,871,Sockeye,2012
8/4/2012,2393,Sockeye,2012
8/5/2012,702,Sockeye,2012
8/6/2012,164,Sockeye,2012
8/7/2012,159,Sockeye,2012
5/23/2013,0,Sockeye,2013
5/24/2013,0,Sockeye,2013
5/25/2013,0,Sockeye,2013
5/26/2013,5,Sockeye,2013
5/27/2013,0,Sockeye,2013
5/28/2013,0,Sockeye,2013
5/29/2013,11,Sockeye,2013
5/30/2013,425,Sockeye,2013
5/31/2013,68,Sockeye,2013
6/1/2013,38,Sockeye,2013
6/2/2013,265,Sockeye,2013
6/3/2013,11,Sockeye,2013
6/4/2013,257,Sockeye,2013
6/5/2013,1220,Sockeye,2013
6/6/2013,534,Sockeye,2013
6/7/2013,658,Sockeye,2013
6/8/2013,1862,Sockeye,2013
6/9/2013,786,Sockeye,2013
6/10/2013,1260,Sockeye,2013
6/11/2013,1658,Sockeye,2013
6/12/2013,2970,Sockeye,2013
6/13/2013,13,Sockeye,2013
6/14/2013,2170,Sockeye,2013
6/15/2013,2342,Sockeye,2013
6/16/2013,3443,Sockeye,2013
6/17/2013,2131,Sockeye,2013
6/18/2013,948,Sockeye,2013
6/19/2013,681,Sockeye,2013
6/20/2013,1895,Sockeye,2013
6/21/2013,2458,Sockeye,2013
6/22/2013,2335,Sockeye,2013
6/23/2013,1233,Sockeye,2013
6/24/2013,1252,Sockeye,2013
6/25/2013,2588,Sockeye,2013
6/26/2013,3473,Sockeye,2013
6/27/2013,2869,Sockeye,2013
6/28/2013,5927,Sockeye,2013
6/29/2013,4905,Sockeye,2013
6/30/2013,2116,Sockeye,2013
7/1/2013,1869,Sockeye,2013
7/2/2013,1646,Sockeye,2013
7/3/2013,1543,Sockeye,2013
7/4/2013,6851,Sockeye,2013
7/5/2013,2436,Sockeye,2013
7/6/2013,4524,Sockeye,2013
7/7/2013,864,Sockeye,2013
7/8/2013,439,Sockeye,2013
7/9/2013,332,Sockeye,2013
7/10/2013,305,Sockeye,2013
7/11/2013,1081,Sockeye,2013
7/12/2013,2720,Sockeye,2013
7/13/2013,4582,Sockeye,2013
7/14/2013,5101,Sockeye,2013
7/15/2013,3404,Sockeye,2013
7/16/2013,1636,Sockeye,2013
7/17/2013,1915,Sockeye,2013
7/18/2013,663,Sockeye,2013
7/19/2013,1154,Sockeye,2013
7/20/2013,2085,Sockeye,2013
7/21/2013,2324,Sockeye,2013
7/22/2013,1654,Sockeye,2013
7/23/2013,2048,Sockeye,2013
7/24/2013,1780,Sockeye,2013
7/25/2013,700,Sockeye,2013
7/26/2013,3110,Sockeye,2013
7/27/2013,1242,Sockeye,2013
7/28/2013,2223,Sockeye,2013
7/29/2013,1223,Sockeye,2013
7/30/2013,443,Sockeye,2013
7/31/2013,1218,Sockeye,2013
8/1/2013,327,Sockeye,2013
8/2/2013,250,Sockeye,2013
8/3/2013,181,Sockeye,2013
8/4/2013,87,Sockeye,2013
5/6/2014,0,Sockeye,2014
5/7/2014,0,Sockeye,2014
5/8/2014,0,Sockeye,2014
5/9/2014,0,Sockeye,2014
5/10/2014,1,Sockeye,2014
5/11/2014,2,Sockeye,2014
5/12/2014,1,Sockeye,2014
5/13/2014,0,Sockeye,2014
5/14/2014,1,Sockeye,2014
5/15/2014,0,Sockeye,2014
5/16/2014,0,Sockeye,2014
5/17/2014,2,Sockeye,2014
5/18/2014,0,Sockeye,2014
5/19/2014,0,Sockeye,2014
5/20/2014,0,Sockeye,2014
5/21/2014,4,Sockeye,2014
5/22/2014,0,Sockeye,2014
5/23/2014,0,Sockeye,2014
5/24/2014,0,Sockeye,2014
5/25/2014,0,Sockeye,2014
5/26/2014,0,Sockeye,2014
5/27/2014,0,Sockeye,2014
5/28/2014,1,Sockeye,2014
5/29/2014,0,Sockeye,2014
5/30/2014,0,Sockeye,2014
5/31/2014,0,Sockeye,2014
6/1/2014,0,Sockeye,2014
6/2/2014,0,Sockeye,2014
6/3/2014,0,Sockeye,2014
6/4/2014,0,Sockeye,2014
6/5/2014,0,Sockeye,2014
6/6/2014,0,Sockeye,2014
6/7/2014,0,Sockeye,2014
6/8/2014,2,Sockeye,2014
6/9/2014,33,Sockeye,2014
6/10/2014,955,Sockeye,2014
6/11/2014,244,Sockeye,2014
6/12/2014,484,Sockeye,2014
6/13/2014,1464,Sockeye,2014
6/14/2014,2011,Sockeye,2014
6/15/2014,141,Sockeye,2014
6/16/2014,383,Sockeye,2014
6/17/2014,2083,Sockeye,2014
6/18/2014,0,Sockeye,2014
6/19/2014,1226,Sockeye,2014
6/20/2014,623,Sockeye,2014
6/21/2014,324,Sockeye,2014
6/22/2014,727,Sockeye,2014
6/23/2014,1626,Sockeye,2014
6/24/2014,1368,Sockeye,2014
6/25/2014,1540,Sockeye,2014
6/26/2014,891,Sockeye,2014
6/27/2014,1495,Sockeye,2014
6/28/2014,1693,Sockeye,2014
6/29/2014,1683,Sockeye,2014
6/30/2014,662,Sockeye,2014
7/1/2014,2575,Sockeye,2014
7/2/2014,1566,Sockeye,2014
7/3/2014,801,Sockeye,2014
7/4/2014,470,Sockeye,2014
7/5/2014,6362,Sockeye,2014
7/6/2014,636,Sockeye,2014
7/7/2014,1723,Sockeye,2014
7/8/2014,4379,Sockeye,2014
7/9/2014,1735,Sockeye,2014
7/10/2014,1336,Sockeye,2014
7/11/2014,3522,Sockeye,2014
7/12/2014,1567,Sockeye,2014
7/13/2014,2498,Sockeye,2014
7/14/2014,2033,Sockeye,2014
7/15/2014,1138,Sockeye,2014
7/16/2014,1990,Sockeye,2014
7/17/2014,3347,Sockeye,2014
7/18/2014,6097,Sockeye,2014
7/19/2014,2311,Sockeye,2014
7/20/2014,6429,Sockeye,2014
7/21/2014,3083,Sockeye,2014
7/22/2014,1587,Sockeye,2014
7/23/2014,1104,Sockeye,2014
7/24/2014,2216,Sockeye,2014
7/25/2014,2210,Sockeye,2014
7/26/2014,3527,Sockeye,2014
7/27/2014,4920,Sockeye,2014
7/28/2014,347,Sockeye,2014
7/29/2014,2404,Sockeye,2014
7/30/2014,41,Sockeye,2014
7/31/2014,779,Sockeye,2014
8/1/2014,1625,Sockeye,2014
8/2/2014,1680,Sockeye,2014
8/3/2014,1563,Sockeye,2014
8/4/2014,681,Sockeye,2014
8/5/2014,1042,Sockeye,2014
5/7/2015,0,Sockeye,2015
5/8/2015,0,Sockeye,2015
5/9/2015,0,Sockeye,2015
5/10/2015,0,Sockeye,2015
5/11/2015,0,Sockeye,2015
5/12/2015,0,Sockeye,2015
5/13/2015,0,Sockeye,2015
5/14/2015,0,Sockeye,2015
5/15/2015,0,Sockeye,2015
5/16/2015,0,Sockeye,2015
5/17/2015,0,Sockeye,2015
5/18/2015,0,Sockeye,2015
5/19/2015,0,Sockeye,2015
5/20/2015,0,Sockeye,2015
5/21/2015,0,Sockeye,2015
5/22/2015,2,Sockeye,2015
5/23/2015,0,Sockeye,2015
5/24/2015,1,Sockeye,2015
5/25/2015,0,Sockeye,2015
5/26/2015,3,Sockeye,2015
5/27/2015,8,Sockeye,2015
5/28/2015,5,Sockeye,2015
5/29/2015,3,Sockeye,2015
5/30/2015,3,Sockeye,2015
5/31/2015,1,Sockeye,2015
6/1/2015,2,Sockeye,2015
6/2/2015,0,Sockeye,2015
6/3/2015,0,Sockeye,2015
6/4/2015,0,Sockeye,2015
6/5/2015,0,Sockeye,2015
6/6/2015,0,Sockeye,2015
6/7/2015,0,Sockeye,2015
6/8/2015,3,Sockeye,2015
6/9/2015,0,Sockeye,2015
6/10/2015,42,Sockeye,2015
6/11/2015,424,Sockeye,2015
6/12/2015,32,Sockeye,2015
6/13/2015,571,Sockeye,2015
6/14/2015,251,Sockeye,2015
6/15/2015,0,Sockeye,2015
6/16/2015,389,Sockeye,2015
6/17/2015,406,Sockeye,2015
6/18/2015,93,Sockeye,2015
6/19/2015,58,Sockeye,2015
6/20/2015,1029,Sockeye,2015
6/21/2015,52,Sockeye,2015
6/22/2015,329,Sockeye,2015
6/23/2015,147,Sockeye,2015
6/24/2015,744,Sockeye,2015
6/25/2015,138,Sockeye,2015
6/26/2015,860,Sockeye,2015
6/27/2015,1454,Sockeye,2015
6/28/2015,2933,Sockeye,2015
6/29/2015,1429,Sockeye,2015
6/30/2015,150,Sockeye,2015
7/1/2015,1021,Sockeye,2015
7/2/2015,2142,Sockeye,2015
7/3/2015,3050,Sockeye,2015
7/4/2015,2584,Sockeye,2015
7/5/2015,4133,Sockeye,2015
7/6/2015,4155,Sockeye,2015
7/7/2015,648,Sockeye,2015
7/8/2015,3282,Sockeye,2015
7/9/2015,1772,Sockeye,2015
7/10/2015,1609,Sockeye,2015
7/11/2015,2708,Sockeye,2015
7/12/2015,5650,Sockeye,2015
7/13/2015,2907,Sockeye,2015
7/14/2015,3416,Sockeye,2015
7/15/2015,2322,Sockeye,2015
7/16/2015,1255,Sockeye,2015
7/17/2015,5061,Sockeye,2015
7/18/2015,794,Sockeye,2015
7/19/2015,2522,Sockeye,2015
7/20/2015,3239,Sockeye,2015
7/21/2015,3165,Sockeye,2015
7/22/2015,683,Sockeye,2015
7/23/2015,707,Sockeye,2015
7/24/2015,2150,Sockeye,2015
7/25/2015,2030,Sockeye,2015
7/26/2015,1292,Sockeye,2015
7/27/2015,2615,Sockeye,2015
7/28/2015,1498,Sockeye,2015
7/29/2015,1998,Sockeye,2015
7/30/2015,2155,Sockeye,2015
7/31/2015,3914,Sockeye,2015
8/1/2015,2725,Sockeye,2015
8/2/2015,1235,Sockeye,2015
8/3/2015,1616,Sockeye,2015
8/4/2015,661,Sockeye,2015
8/5/2015,255,Sockeye,2015
8/6/2015,503,Sockeye,2015
8/7/2015,59,Sockeye,2015
5/1/2016,0,Sockeye,2016
5/2/2016,0,Sockeye,2016
5/3/2016,0,Sockeye,2016
5/4/2016,0,Sockeye,2016
5/5/2016,0,Sockeye,2016
5/6/2016,0,Sockeye,2016
5/7/2016,0,Sockeye,2016
5/8/2016,0,Sockeye,2016
5/9/2016,0,Sockeye,2016
5/10/2016,0,Sockeye,2016
5/11/2016,0,Sockeye,2016
5/12/2016,0,Sockeye,2016
5/13/2016,0,Sockeye,2016
5/14/2016,0,Sockeye,2016
5/15/2016,0,Sockeye,2016
5/16/2016,0,Sockeye,2016
5/17/2016,0,Sockeye,2016
5/18/2016,0,Sockeye,2016
5/19/2016,1,Sockeye,2016
5/20/2016,0,Sockeye,2016
5/21/2016,0,Sockeye,2016
5/22/2016,0,Sockeye,2016
5/23/2016,0,Sockeye,2016
5/24/2016,0,Sockeye,2016
5/25/2016,0,Sockeye,2016
5/26/2016,0,Sockeye,2016
5/27/2016,0,Sockeye,2016
5/28/2016,0,Sockeye,2016
5/29/2016,0,Sockeye,2016
5/30/2016,0,Sockeye,2016
5/31/2016,0,Sockeye,2016
6/1/2016,0,Sockeye,2016
6/2/2016,0,Sockeye,2016
6/3/2016,0,Sockeye,2016
6/4/2016,0,Sockeye,2016
6/5/2016,0,Sockeye,2016
6/6/2016,35,Sockeye,2016
6/7/2016,0,Sockeye,2016
6/8/2016,0,Sockeye,2016
6/9/2016,0,Sockeye,2016
6/10/2016,0,Sockeye,2016
6/11/2016,0,Sockeye,2016
6/12/2016,0,Sockeye,2016
6/13/2016,1,Sockeye,2016
6/14/2016,3,Sockeye,2016
6/15/2016,33,Sockeye,2016
6/16/2016,857,Sockeye,2016
6/17/2016,273,Sockeye,2016
6/18/2016,103,Sockeye,2016
6/19/2016,125,Sockeye,2016
6/20/2016,3,Sockeye,2016
6/21/2016,1139,Sockeye,2016
6/22/2016,657,Sockeye,2016
6/23/2016,846,Sockeye,2016
6/24/2016,12,Sockeye,2016
6/25/2016,1635,Sockeye,2016
6/26/2016,707,Sockeye,2016
6/27/2016,1187,Sockeye,2016
6/28/2016,474,Sockeye,2016
6/29/2016,400,Sockeye,2016
6/30/2016,61,Sockeye,2016
7/1/2016,2611,Sockeye,2016
7/2/2016,2817,Sockeye,2016
7/3/2016,2132,Sockeye,2016
7/4/2016,1917,Sockeye,2016
7/5/2016,2139,Sockeye,2016
7/6/2016,1853,Sockeye,2016
7/7/2016,3351,Sockeye,2016
7/8/2016,1320,Sockeye,2016
7/9/2016,1303,Sockeye,2016
7/10/2016,1446,Sockeye,2016
7/11/2016,1670,Sockeye,2016
7/12/2016,1310,Sockeye,2016
7/13/2016,234,Sockeye,2016
7/14/2016,974,Sockeye,2016
7/15/2016,47,Sockeye,2016
7/16/2016,1386,Sockeye,2016
7/17/2016,3977,Sockeye,2016
7/18/2016,2219,Sockeye,2016
7/19/2016,1474,Sockeye,2016
7/20/2016,572,Sockeye,2016
7/21/2016,134,Sockeye,2016
7/22/2016,1060,Sockeye,2016
7/23/2016,2733,Sockeye,2016
7/24/2016,396,Sockeye,2016
7/25/2016,461,Sockeye,2016
7/26/2016,230,Sockeye,2016
7/27/2016,504,Sockeye,2016
7/28/2016,347,Sockeye,2016
7/29/2016,328,Sockeye,2016
7/30/2016,308,Sockeye,2016
7/31/2016,288,Sockeye,2016
8/1/2016,248,Sockeye,2016
8/2/2016,239,Sockeye,2016
8/3/2016,517,Sockeye,2016
8/4/2016,464,Sockeye,2016
8/5/2016,1195,Sockeye,2016
8/6/2016,1708,Sockeye,2016
8/7/2016,717,Sockeye,2016
8/8/2016,433,Sockeye,2016
8/9/2016,393,Sockeye,2016
8/10/2016,459,Sockeye,2016
8/11/2016,272,Sockeye,2016
5/6/2017,0,Sockeye,2017
5/7/2017,0,Sockeye,2017
5/8/2017,0,Sockeye,2017
5/9/2017,0,Sockeye,2017
5/10/2017,0,Sockeye,2017
5/11/2017,0,Sockeye,2017
5/12/2017,0,Sockeye,2017
5/13/2017,0,Sockeye,2017
5/14/2017,0,Sockeye,2017
5/15/2017,0,Sockeye,2017
5/16/2017,0,Sockeye,2017
5/17/2017,0,Sockeye,2017
5/18/2017,0,Sockeye,2017
5/19/2017,0,Sockeye,2017
5/20/2017,0,Sockeye,2017
5/21/2017,0,Sockeye,2017
5/22/2017,0,Sockeye,2017
5/23/2017,0,Sockeye,2017
5/24/2017,0,Sockeye,2017
5/25/2017,3,Sockeye,2017
5/26/2017,91,Sockeye,2017
5/27/2017,19,Sockeye,2017
5/28/2017,201,Sockeye,2017
5/29/2017,1,Sockeye,2017
5/30/2017,7,Sockeye,2017
5/31/2017,69,Sockeye,2017
6/1/2017,1719,Sockeye,2017
6/2/2017,4312,Sockeye,2017
6/3/2017,3435,Sockeye,2017
6/4/2017,114,Sockeye,2017
6/5/2017,1429,Sockeye,2017
6/6/2017,3636,Sockeye,2017
6/7/2017,86,Sockeye,2017
6/8/2017,326,Sockeye,2017
6/9/2017,122,Sockeye,2017
6/10/2017,417,Sockeye,2017
6/11/2017,123,Sockeye,2017
6/12/2017,2011,Sockeye,2017
6/13/2017,3000,Sockeye,2017
6/14/2017,3573,Sockeye,2017
6/15/2017,1390,Sockeye,2017
6/16/2017,201,Sockeye,2017
6/17/2017,2872,Sockeye,2017
6/18/2017,4688,Sockeye,2017
6/19/2017,61,Sockeye,2017
6/20/2017,243,Sockeye,2017
6/21/2017,90,Sockeye,2017
6/22/2017,39,Sockeye,2017
6/23/2017,214,Sockeye,2017
6/24/2017,186,Sockeye,2017
6/25/2017,790,Sockeye,2017
6/26/2017,1151,Sockeye,2017
6/27/2017,256,Sockeye,2017
6/28/2017,774,Sockeye,2017
6/29/2017,200,Sockeye,2017
6/30/2017,344,Sockeye,2017
7/1/2017,261,Sockeye,2017
7/2/2017,3389,Sockeye,2017
7/3/2017,1575,Sockeye,2017
7/4/2017,64,Sockeye,2017
7/5/2017,258,Sockeye,2017
7/6/2017,211,Sockeye,2017
7/7/2017,1356,Sockeye,2017
7/8/2017,516,Sockeye,2017
7/9/2017,1512,Sockeye,2017
7/10/2017,4042,Sockeye,2017
7/11/2017,913,Sockeye,2017
7/12/2017,350,Sockeye,2017
7/13/2017,1027,Sockeye,2017
7/14/2017,1429,Sockeye,2017
7/15/2017,784,Sockeye,2017
7/16/2017,2546,Sockeye,2017
7/17/2017,2207,Sockeye,2017
7/18/2017,1277,Sockeye,2017
7/19/2017,1829,Sockeye,2017
7/20/2017,734,Sockeye,2017
7/21/2017,1416,Sockeye,2017
7/22/2017,299,Sockeye,2017
7/23/2017,301,Sockeye,2017
7/24/2017,176,Sockeye,2017
7/25/2017,1464,Sockeye,2017
7/26/2017,1069,Sockeye,2017
7/27/2017,1444,Sockeye,2017
7/28/2017,1626,Sockeye,2017
7/29/2017,2043,Sockeye,2017
7/30/2017,2542,Sockeye,2017
7/31/2017,1503,Sockeye,2017
8/1/2017,1834,Sockeye,2017
8/2/2017,1727,Sockeye,2017
8/3/2017,1516,Sockeye,2017
8/4/2017,1679,Sockeye,2017
8/5/2017,582,Sockeye,2017
8/6/2017,1239,Sockeye,2017
8/7/2017,2037,Sockeye,2017
8/8/2017,310,Sockeye,2017
8/9/2017,964,Sockeye,2017
8/10/2017,848,Sockeye,2017
5/23/2018,0,Sockeye,2018
5/24/2018,0,Sockeye,2018
5/25/2018,0,Sockeye,2018
5/26/2018,0,Sockeye,2018
5/27/2018,0,Sockeye,2018
5/28/2018,0,Sockeye,2018
5/29/2018,0,Sockeye,2018
5/30/2018,1,Sockeye,2018
5/31/2018,0,Sockeye,2018
6/1/2018,0,Sockeye,2018
6/2/2018,0,Sockeye,2018
6/3/2018,2,Sockeye,2018
6/4/2018,0,Sockeye,2018
6/5/2018,0,Sockeye,2018
6/6/2018,0,Sockeye,2018
6/7/2018,0,Sockeye,2018
6/8/2018,0,Sockeye,2018
6/9/2018,2,Sockeye,2018
6/10/2018,9,Sockeye,2018
6/11/2018,1,Sockeye,2018
6/12/2018,9,Sockeye,2018
6/13/2018,3,Sockeye,2018
6/14/2018,0,Sockeye,2018
6/15/2018,6,Sockeye,2018
6/16/2018,6,Sockeye,2018
6/17/2018,12,Sockeye,2018
6/18/2018,237,Sockeye,2018
6/19/2018,138,Sockeye,2018
6/20/2018,98,Sockeye,2018
6/21/2018,35,Sockeye,2018
6/22/2018,15,Sockeye,2018
6/23/2018,0,Sockeye,2018
6/24/2018,96,Sockeye,2018
6/25/2018,724,Sockeye,2018
6/26/2018,16,Sockeye,2018
6/27/2018,268,Sockeye,2018
6/28/2018,308,Sockeye,2018
6/29/2018,81,Sockeye,2018
6/30/2018,67,Sockeye,2018
7/1/2018,177,Sockeye,2018
7/2/2018,586,Sockeye,2018
7/3/2018,682,Sockeye,2018
7/4/2018,1272,Sockeye,2018
7/5/2018,73,Sockeye,2018
7/6/2018,99,Sockeye,2018
7/7/2018,7,Sockeye,2018
7/8/2018,1,Sockeye,2018
7/9/2018,233,Sockeye,2018
7/10/2018,4225,Sockeye,2018
7/11/2018,1384,Sockeye,2018
7/12/2018,702,Sockeye,2018
7/13/2018,373,Sockeye,2018
7/14/2018,254,Sockeye,2018
7/15/2018,2212,Sockeye,2018
7/16/2018,1531,Sockeye,2018
7/17/2018,197,Sockeye,2018
7/18/2018,175,Sockeye,2018
7/19/2018,477,Sockeye,2018
7/20/2018,352,Sockeye,2018
7/21/2018,2207,Sockeye,2018
7/22/2018,68,Sockeye,2018
7/23/2018,225,Sockeye,2018
7/24/2018,309,Sockeye,2018
7/25/2018,733,Sockeye,2018
7/26/2018,644,Sockeye,2018
7/27/2018,569,Sockeye,2018
7/28/2018,1627,Sockeye,2018
7/29/2018,490,Sockeye,2018
7/30/2018,642,Sockeye,2018
7/31/2018,623,Sockeye,2018
8/1/2018,432,Sockeye,2018
8/2/2018,48,Sockeye,2018
8/3/2018,113,Sockeye,2018
8/4/2018,125,Sockeye,2018
8/5/2018,213,Sockeye,2018
8/6/2018,436,Sockeye,2018
8/7/2018,54,Sockeye,2018
5/5/2019,0,Sockeye,2019
5/6/2019,0,Sockeye,2019
5/7/2019,0,Sockeye,2019
5/8/2019,0,Sockeye,2019
5/9/2019,0,Sockeye,2019
5/10/2019,0,Sockeye,2019
5/11/2019,0,Sockeye,2019
5/12/2019,0,Sockeye,2019
5/13/2019,0,Sockeye,2019
5/14/2019,0,Sockeye,2019
5/15/2019,0,Sockeye,2019
5/16/2019,0,Sockeye,2019
5/17/2019,0,Sockeye,2019
5/18/2019,0,Sockeye,2019
5/19/2019,0,Sockeye,2019
5/20/2019,0,Sockeye,2019
5/21/2019,0,Sockeye,2019
5/22/2019,0,Sockeye,2019
5/23/2019,0,Sockeye,2019
5/24/2019,0,Sockeye,2019
5/25/2019,0,Sockeye,2019
5/26/2019,0,Sockeye,2019
5/27/2019,0,Sockeye,2019
5/28/2019,0,Sockeye,2019
5/29/2019,0,Sockeye,2019
5/30/2019,0,Sockeye,2019
5/31/2019,0,Sockeye,2019
6/1/2019,1,Sockeye,2019
6/2/2019,6,Sockeye,2019
6/3/2019,0,Sockeye,2019
6/4/2019,3,Sockeye,2019
6/5/2019,1,Sockeye,2019
6/6/2019,8,Sockeye,2019
6/7/2019,1094,Sockeye,2019
6/8/2019,2,Sockeye,2019
6/9/2019,3,Sockeye,2019
6/10/2019,637,Sockeye,2019
6/11/2019,0,Sockeye,2019
6/12/2019,518,Sockeye,2019
6/13/2019,22,Sockeye,2019
6/14/2019,7,Sockeye,2019
6/15/2019,3,Sockeye,2019
6/16/2019,54,Sockeye,2019
6/17/2019,1019,Sockeye,2019
6/18/2019,14,Sockeye,2019
6/19/2019,677,Sockeye,2019
6/20/2019,62,Sockeye,2019
6/21/2019,16,Sockeye,2019
6/22/2019,376,Sockeye,2019
6/23/2019,1541,Sockeye,2019
6/24/2019,408,Sockeye,2019
6/25/2019,438,Sockeye,2019
6/26/2019,1023,Sockeye,2019
6/27/2019,459,Sockeye,2019
6/28/2019,993,Sockeye,2019
6/29/2019,464,Sockeye,2019
6/30/2019,1551,Sockeye,2019
7/1/2019,1188,Sockeye,2019
7/2/2019,271,Sockeye,2019
7/3/2019,1208,Sockeye,2019
7/4/2019,2241,Sockeye,2019
7/5/2019,1754,Sockeye,2019
7/6/2019,1015,Sockeye,2019
7/7/2019,2063,Sockeye,2019
7/8/2019,1766,Sockeye,2019
7/9/2019,430,Sockeye,2019
7/10/2019,305,Sockeye,2019
7/11/2019,1680,Sockeye,2019
7/12/2019,865,Sockeye,2019
7/13/2019,1121,Sockeye,2019
7/14/2019,1429,Sockeye,2019
7/15/2019,877,Sockeye,2019
7/16/2019,4905,Sockeye,2019
7/17/2019,1550,Sockeye,2019
7/18/2019,2798,Sockeye,2019
7/19/2019,2503,Sockeye,2019
7/20/2019,21,Sockeye,2019
7/21/2019,1360,Sockeye,2019
7/22/2019,4979,Sockeye,2019
7/23/2019,2472,Sockeye,2019
7/24/2019,755,Sockeye,2019
7/25/2019,987,Sockeye,2019
7/26/2019,1588,Sockeye,2019
7/27/2019,1090,Sockeye,2019
7/28/2019,1549,Sockeye,2019
7/29/2019,1063,Sockeye,2019
7/30/2019,807,Sockeye,2019
7/31/2019,226,Sockeye,2019
8/1/2019,876,Sockeye,2019
8/2/2019,1695,Sockeye,2019
8/3/2019,321,Sockeye,2019
8/4/2019,1372,Sockeye,2019
8/5/2019,1461,Sockeye,2019
8/6/2019,2356,Sockeye,2019
8/7/2019,2901,Sockeye,2019
8/8/2019,1500,Sockeye,2019
8/9/2019,1206,Sockeye,2019
8/10/2019,576,Sockeye,2019
5/13/2020,0,Sockeye,2020
5/14/2020,0,Sockeye,2020
5/15/2020,0,Sockeye,2020
5/16/2020,0,Sockeye,2020
5/17/2020,0,Sockeye,2020
5/18/2020,0,Sockeye,2020
5/19/2020,0,Sockeye,2020
5/20/2020,0,Sockeye,2020
5/21/2020,0,Sockeye,2020
5/22/2020,0,Sockeye,2020
5/23/2020,0,Sockeye,2020
5/24/2020,0,Sockeye,2020
5/25/2020,0,Sockeye,2020
5/26/2020,0,Sockeye,2020
5/27/2020,0,Sockeye,2020
5/28/2020,0,Sockeye,2020
5/29/2020,0,Sockeye,2020
5/30/2020,0,Sockeye,2020
5/31/2020,0,Sockeye,2020
6/1/2020,0,Sockeye,2020
6/2/2020,1,Sockeye,2020
6/3/2020,0,Sockeye,2020
6/4/2020,0,Sockeye,2020
6/5/2020,0,Sockeye,2020
6/6/2020,0,Sockeye,2020
6/7/2020,0,Sockeye,2020
6/8/2020,1,Sockeye,2020
6/9/2020,0,Sockeye,2020
6/10/2020,0,Sockeye,2020
6/11/2020,0,Sockeye,2020
6/12/2020,0,Sockeye,2020
6/13/2020,0,Sockeye,2020
6/14/2020,0,Sockeye,2020
6/15/2020,0,Sockeye,2020
6/16/2020,0,Sockeye,2020
6/17/2020,2,Sockeye,2020
6/18/2020,1,Sockeye,2020
6/19/2020,345,Sockeye,2020
6/20/2020,0,Sockeye,2020
6/21/2020,0,Sockeye,2020
6/22/2020,302,Sockeye,2020
6/23/2020,3374,Sockeye,2020
6/24/2020,647,Sockeye,2020
6/25/2020,3290,Sockeye,2020
6/26/2020,57,Sockeye,2020
6/27/2020,372,Sockeye,2020
6/28/2020,43,Sockeye,2020
6/29/2020,2114,Sockeye,2020
6/30/2020,903,Sockeye,2020
7/1/2020,3657,Sockeye,2020
7/2/2020,1954,Sockeye,2020
7/3/2020,1687,Sockeye,2020
7/4/2020,1560,Sockeye,2020
7/5/2020,45,Sockeye,2020
7/6/2020,1962,Sockeye,2020
7/7/2020,1085,Sockeye,2020
7/8/2020,3713,Sockeye,2020
7/9/2020,1360,Sockeye,2020
7/10/2020,1956,Sockeye,2020
7/11/2020,2062,Sockeye,2020
7/12/2020,2074,Sockeye,2020
7/13/2020,500,Sockeye,2020
7/14/2020,1733,Sockeye,2020
7/15/2020,2026,Sockeye,2020
7/16/2020,618,Sockeye,2020
7/17/2020,244,Sockeye,2020
7/18/2020,3557,Sockeye,2020
7/19/2020,177,Sockeye,2020
7/20/2020,1625,Sockeye,2020
7/21/2020,934,Sockeye,2020
7/22/2020,967,Sockeye,2020
7/23/2020,571,Sockeye,2020
7/24/2020,1430,Sockeye,2020
7/25/2020,2882,Sockeye,2020
7/26/2020,1912,Sockeye,2020
7/27/2020,1702,Sockeye,2020
7/28/2020,1474,Sockeye,2020
7/29/2020,1247,Sockeye,2020
7/30/2020,1162,Sockeye,2020
7/31/2020,710,Sockeye,2020
8/1/2020,1136,Sockeye,2020
8/2/2020,744,Sockeye,2020
8/3/2020,565,Sockeye,2020
8/4/2020,386,Sockeye,2020
8/5/2020,193,Sockeye,2020
8/6/2020,220,Sockeye,2020
8/7/2020,61,Sockeye,2020
5/2/2021,0,Sockeye,2021
5/3/2021,0,Sockeye,2021
5/4/2021,0,Sockeye,2021
5/5/2021,0,Sockeye,2021
5/6/2021,0,Sockeye,2021
5/7/2021,0,Sockeye,2021
5/8/2021,0,Sockeye,2021
5/9/2021,0,Sockeye,2021
5/10/2021,0,Sockeye,2021
5/11/2021,0,Sockeye,2021
5/12/2021,0,Sockeye,2021
5/13/2021,0,Sockeye,2021
5/14/2021,0,Sockeye,2021
5/15/2021,0,Sockeye,2021
5/16/2021,0,Sockeye,2021
5/17/2021,0,Sockeye,2021
5/18/2021,0,Sockeye,2021
5/19/2021,0,Sockeye,2021
5/20/2021,0,Sockeye,2021
5/21/2021,0,Sockeye,2021
5/22/2021,0,Sockeye,2021
5/23/2021,0,Sockeye,2021
5/24/2021,0,Sockeye,2021
5/25/2021,0,Sockeye,2021
5/26/2021,0,Sockeye,2021
5/27/2021,0,Sockeye,2021
5/28/2021,5,Sockeye,2021
5/29/2021,0,Sockeye,2021
5/30/2021,0,Sockeye,2021
5/31/2021,0,Sockeye,2021
6/1/2021,0,Sockeye,2021
6/2/2021,0,Sockeye,2021
6/3/2021,0,Sockeye,2021
6/4/2021,0,Sockeye,2021
6/5/2021,0,Sockeye,2021
6/6/2021,2,Sockeye,2021
6/7/2021,0,Sockeye,2021
6/8/2021,0,Sockeye,2021
6/9/2021,0,Sockeye,2021
6/10/2021,0,Sockeye,2021
6/11/2021,37,Sockeye,2021
6/12/2021,16,Sockeye,2021
6/13/2021,5,Sockeye,2021
6/14/2021,925,Sockeye,2021
6/15/2021,345,Sockeye,2021
6/16/2021,2697,Sockeye,2021
6/17/2021,586,Sockeye,2021
6/18/2021,29,Sockeye,2021
6/19/2021,724,Sockeye,2021
6/20/2021,117,Sockeye,2021
6/21/2021,4585,Sockeye,2021
6/22/2021,91,Sockeye,2021
6/23/2021,1,Sockeye,2021
6/24/2021,3222,Sockeye,2021
6/25/2021,1387,Sockeye,2021
6/26/2021,847,Sockeye,2021
6/27/2021,695,Sockeye,2021
6/28/2021,,Sockeye,2021
6/29/2021,86,Sockeye,2021
6/30/2021,1857,Sockeye,2021
7/1/2021,3406,Sockeye,2021
7/2/2021,1524,Sockeye,2021
7/3/2021,2609,Sockeye,2021
7/4/2021,2783,Sockeye,2021
7/5/2021,4445,Sockeye,2021
7/6/2021,3401,Sockeye,2021
7/7/2021,1317,Sockeye,2021
7/8/2021,4294,Sockeye,2021
7/9/2021,7707,Sockeye,2021
7/10/2021,1487,Sockeye,2021
7/11/2021,3211,Sockeye,2021
7/12/2021,2519,Sockeye,2021
7/13/2021,1125,Sockeye,2021
7/14/2021,750,Sockeye,2021
7/15/2021,861,Sockeye,2021
7/16/2021,5522,Sockeye,2021
7/17/2021,3153,Sockeye,2021
7/18/2021,2332,Sockeye,2021
7/19/2021,5211,Sockeye,2021
7/20/2021,4033,Sockeye,2021
7/21/2021,1406,Sockeye,2021
7/22/2021,2530,Sockeye,2021
7/23/2021,2589,Sockeye,2021
7/24/2021,1539,Sockeye,2021
7/25/2021,2444,Sockeye,2021
7/26/2021,1058,Sockeye,2021
7/27/2021,2582,Sockeye,2021
7/28/2021,2040,Sockeye,2021
7/29/2021,873,Sockeye,2021
7/30/2021,3361,Sockeye,2021
7/31/2021,789,Sockeye,2021
8/1/2021,2822,Sockeye,2021
8/2/2021,1568,Sockeye,2021
8/3/2021,1122,Sockeye,2021
8/4/2021,1681,Sockeye,2021
8/5/2021,1250,Sockeye,2021
8/6/2021,2180,Sockeye,2021
8/7/2021,2470,Sockeye,2021
8/8/2021,1603,Sockeye,2021
8/9/2021,2353,Sockeye,2021
